time,commit,label,server,scenario,metric,value
2026-09-26T08:02:16,23568de,baseline,roc,pingpong_1,requests_per_sec,67464
2026-09-26T08:02:16,23568de,baseline,roc,pingpong_1,p50_us,14
2026-09-26T08:02:16,23568de,baseline,roc,pingpong_1,p99_us,23
2026-09-26T08:02:16,23568de,baseline,roc,pingpong_1,errors,0
2026-09-26T08:02:16,23568de,baseline,roc,pingpong_1,rss_mib,2.3
2026-09-26T08:02:16,23568de,baseline,roc,pingpong_1,server_survived,True
2026-09-26T08:02:16,23568de,baseline,roc,pingpong_1,cpu_us_per_op,4.82
2026-09-26T08:02:16,23568de,baseline,roc,pingpong_64,requests_per_sec,164415
2026-09-26T08:02:16,23568de,baseline,roc,pingpong_64,p50_us,380
2026-09-26T08:02:16,23568de,baseline,roc,pingpong_64,p99_us,474
2026-09-26T08:02:16,23568de,baseline,roc,pingpong_64,errors,0
2026-09-26T08:02:16,23568de,baseline,roc,pingpong_64,rss_mib,3.9
2026-09-26T08:02:16,23568de,baseline,roc,pingpong_64,server_survived,True
2026-09-26T08:02:16,23568de,baseline,roc,pingpong_64,cpu_us_per_op,12.08
2026-09-26T08:02:16,23568de,baseline,roc,bulk_1,mib_per_sec,1807.5
2026-09-26T08:02:16,23568de,baseline,roc,bulk_1,errors,0
2026-09-26T08:02:16,23568de,baseline,roc,bulk_1,rss_mib,2.3
2026-09-26T08:02:16,23568de,baseline,roc,bulk_1,server_survived,True
2026-09-26T08:02:16,23568de,baseline,roc,bulk_1,cpu_us_per_op,557.7
2026-09-26T08:02:16,23568de,baseline,roc,bulk_16,mib_per_sec,1345.4
2026-09-26T08:02:16,23568de,baseline,roc,bulk_16,errors,0
2026-09-26T08:02:16,23568de,baseline,roc,bulk_16,rss_mib,4.9
2026-09-26T08:02:16,23568de,baseline,roc,bulk_16,server_survived,True
2026-09-26T08:02:16,23568de,baseline,roc,bulk_16,cpu_us_per_op,942.22
2026-09-26T08:02:16,23568de,baseline,roc,churn_32,conns_per_sec,38333
2026-09-26T08:02:16,23568de,baseline,roc,churn_32,errors,0
2026-09-26T08:02:16,23568de,baseline,roc,churn_32,rss_mib,3.7
2026-09-26T08:02:16,23568de,baseline,roc,churn_32,server_survived,True
2026-09-26T08:02:16,23568de,baseline,roc,churn_32,cpu_us_per_op,31.66
2026-09-26T08:02:16,23568de,baseline,roc,hold_5000,max_open_conns,1024
2026-09-26T08:02:16,23568de,baseline,roc,hold_5000,hit_limit,True
2026-09-26T08:02:16,23568de,baseline,roc,hold_5000,rss_mib,0.0
2026-09-26T08:02:16,23568de,baseline,roc,hold_5000,server_survived,False
2026-09-26T08:02:16,23568de,baseline,threads,pingpong_1,requests_per_sec,68777
2026-09-26T08:02:16,23568de,baseline,threads,pingpong_1,p50_us,14
2026-09-26T08:02:16,23568de,baseline,threads,pingpong_1,p99_us,20
2026-09-26T08:02:16,23568de,baseline,threads,pingpong_1,errors,0
2026-09-26T08:02:16,23568de,baseline,threads,pingpong_1,rss_mib,1.6
2026-09-26T08:02:16,23568de,baseline,threads,pingpong_1,server_survived,True
2026-09-26T08:02:16,23568de,baseline,threads,pingpong_1,cpu_us_per_op,4.44
2026-09-26T08:02:16,23568de,baseline,threads,pingpong_64,requests_per_sec,166122
2026-09-26T08:02:16,23568de,baseline,threads,pingpong_64,p50_us,377
2026-09-26T08:02:16,23568de,baseline,threads,pingpong_64,p99_us,466
2026-09-26T08:02:16,23568de,baseline,threads,pingpong_64,errors,0
2026-09-26T08:02:16,23568de,baseline,threads,pingpong_64,rss_mib,1.8
2026-09-26T08:02:16,23568de,baseline,threads,pingpong_64,server_survived,True
2026-09-26T08:02:16,23568de,baseline,threads,pingpong_64,cpu_us_per_op,11.13
2026-09-26T08:02:16,23568de,baseline,threads,bulk_1,mib_per_sec,2015.7
2026-09-26T08:02:16,23568de,baseline,threads,bulk_1,errors,0
2026-09-26T08:02:16,23568de,baseline,threads,bulk_1,rss_mib,1.6
2026-09-26T08:02:16,23568de,baseline,threads,bulk_1,server_survived,True
2026-09-26T08:02:16,23568de,baseline,threads,bulk_1,cpu_us_per_op,502.05
2026-09-26T08:02:16,23568de,baseline,threads,bulk_16,mib_per_sec,1066.3
2026-09-26T08:02:16,23568de,baseline,threads,bulk_16,errors,0
2026-09-26T08:02:16,23568de,baseline,threads,bulk_16,rss_mib,1.6
2026-09-26T08:02:16,23568de,baseline,threads,bulk_16,server_survived,True
2026-09-26T08:02:16,23568de,baseline,threads,bulk_16,cpu_us_per_op,1209.21
2026-09-26T08:02:16,23568de,baseline,threads,churn_32,conns_per_sec,36132
2026-09-26T08:02:16,23568de,baseline,threads,churn_32,errors,0
2026-09-26T08:02:16,23568de,baseline,threads,churn_32,rss_mib,1.9
2026-09-26T08:02:16,23568de,baseline,threads,churn_32,server_survived,True
2026-09-26T08:02:16,23568de,baseline,threads,churn_32,cpu_us_per_op,35.13
2026-09-26T08:02:16,23568de,baseline,threads,hold_5000,max_open_conns,5000
2026-09-26T08:02:16,23568de,baseline,threads,hold_5000,hit_limit,False
2026-09-26T08:02:16,23568de,baseline,threads,hold_5000,rss_mib,13.7
2026-09-26T08:02:16,23568de,baseline,threads,hold_5000,server_survived,True
2026-09-26T08:02:16,23568de,baseline,tokio,pingpong_1,requests_per_sec,64999
2026-09-26T08:02:16,23568de,baseline,tokio,pingpong_1,p50_us,14
2026-09-26T08:02:16,23568de,baseline,tokio,pingpong_1,p99_us,26
2026-09-26T08:02:16,23568de,baseline,tokio,pingpong_1,errors,0
2026-09-26T08:02:16,23568de,baseline,tokio,pingpong_1,rss_mib,2.1
2026-09-26T08:02:16,23568de,baseline,tokio,pingpong_1,server_survived,True
2026-09-26T08:02:16,23568de,baseline,tokio,pingpong_1,cpu_us_per_op,5.18
2026-09-26T08:02:16,23568de,baseline,tokio,pingpong_64,requests_per_sec,165833
2026-09-26T08:02:16,23568de,baseline,tokio,pingpong_64,p50_us,382
2026-09-26T08:02:16,23568de,baseline,tokio,pingpong_64,p99_us,477
2026-09-26T08:02:16,23568de,baseline,tokio,pingpong_64,errors,0
2026-09-26T08:02:16,23568de,baseline,tokio,pingpong_64,rss_mib,2.6
2026-09-26T08:02:16,23568de,baseline,tokio,pingpong_64,server_survived,True
2026-09-26T08:02:16,23568de,baseline,tokio,pingpong_64,cpu_us_per_op,17.17
2026-09-26T08:02:16,23568de,baseline,tokio,bulk_1,mib_per_sec,1215.2
2026-09-26T08:02:16,23568de,baseline,tokio,bulk_1,errors,0
2026-09-26T08:02:16,23568de,baseline,tokio,bulk_1,rss_mib,2.1
2026-09-26T08:02:16,23568de,baseline,tokio,bulk_1,server_survived,True
2026-09-26T08:02:16,23568de,baseline,tokio,bulk_1,cpu_us_per_op,1208.55
2026-09-26T08:02:16,23568de,baseline,tokio,bulk_16,mib_per_sec,1104.2
2026-09-26T08:02:16,23568de,baseline,tokio,bulk_16,errors,0
2026-09-26T08:02:16,23568de,baseline,tokio,bulk_16,rss_mib,2.4
2026-09-26T08:02:16,23568de,baseline,tokio,bulk_16,server_survived,True
2026-09-26T08:02:16,23568de,baseline,tokio,bulk_16,cpu_us_per_op,1365.29
2026-09-26T08:02:16,23568de,baseline,tokio,churn_32,conns_per_sec,38146
2026-09-26T08:02:16,23568de,baseline,tokio,churn_32,errors,0
2026-09-26T08:02:16,23568de,baseline,tokio,churn_32,rss_mib,2.5
2026-09-26T08:02:16,23568de,baseline,tokio,churn_32,server_survived,True
2026-09-26T08:02:16,23568de,baseline,tokio,churn_32,cpu_us_per_op,26.66
2026-09-26T08:02:16,23568de,baseline,tokio,hold_5000,max_open_conns,5000
2026-09-26T08:02:16,23568de,baseline,tokio,hold_5000,hit_limit,False
2026-09-26T08:02:16,23568de,baseline,tokio,hold_5000,rss_mib,29.1
2026-09-26T08:02:16,23568de,baseline,tokio,hold_5000,server_survived,True
2026-09-26T08:03:23,23568de,baseline,roc,pingpong_1,requests_per_sec,68349
2026-09-26T08:03:23,23568de,baseline,roc,pingpong_1,p50_us,14
2026-09-26T08:03:23,23568de,baseline,roc,pingpong_1,p99_us,22
2026-09-26T08:03:23,23568de,baseline,roc,pingpong_1,errors,0
2026-09-26T08:03:23,23568de,baseline,roc,pingpong_1,rss_mib,2.5
2026-09-26T08:03:23,23568de,baseline,roc,pingpong_1,server_survived,True
2026-09-26T08:03:23,23568de,baseline,roc,pingpong_1,cpu_us_per_op,4.78
2026-09-26T08:03:23,23568de,baseline,roc,pingpong_64,requests_per_sec,162003
2026-09-26T08:03:23,23568de,baseline,roc,pingpong_64,p50_us,382
2026-09-26T08:03:23,23568de,baseline,roc,pingpong_64,p99_us,508
2026-09-26T08:03:23,23568de,baseline,roc,pingpong_64,errors,0
2026-09-26T08:03:23,23568de,baseline,roc,pingpong_64,rss_mib,4.0
2026-09-26T08:03:23,23568de,baseline,roc,pingpong_64,server_survived,True
2026-09-26T08:03:23,23568de,baseline,roc,pingpong_64,cpu_us_per_op,12.02
2026-09-26T08:03:23,23568de,baseline,roc,bulk_1,mib_per_sec,1782.2
2026-09-26T08:03:23,23568de,baseline,roc,bulk_1,errors,0
2026-09-26T08:03:23,23568de,baseline,roc,bulk_1,rss_mib,2.5
2026-09-26T08:03:23,23568de,baseline,roc,bulk_1,server_survived,True
2026-09-26T08:03:23,23568de,baseline,roc,bulk_1,cpu_us_per_op,562.79
2026-09-26T08:03:23,23568de,baseline,roc,bulk_16,mib_per_sec,1104.3
2026-09-26T08:03:23,23568de,baseline,roc,bulk_16,errors,0
2026-09-26T08:03:23,23568de,baseline,roc,bulk_16,rss_mib,5.1
2026-09-26T08:03:23,23568de,baseline,roc,bulk_16,server_survived,True
2026-09-26T08:03:23,23568de,baseline,roc,bulk_16,cpu_us_per_op,1057.56
2026-09-26T08:03:23,23568de,baseline,roc,churn_32,conns_per_sec,38564
2026-09-26T08:03:23,23568de,baseline,roc,churn_32,errors,0
2026-09-26T08:03:23,23568de,baseline,roc,churn_32,rss_mib,3.9
2026-09-26T08:03:23,23568de,baseline,roc,churn_32,server_survived,True
2026-09-26T08:03:23,23568de,baseline,roc,churn_32,cpu_us_per_op,31.53
2026-09-26T08:03:23,23568de,baseline,roc,hold_5000,max_open_conns,1024
2026-09-26T08:03:23,23568de,baseline,roc,hold_5000,hit_limit,True
2026-09-26T08:03:23,23568de,baseline,roc,hold_5000,rss_mib,0.0
2026-09-26T08:03:23,23568de,baseline,roc,hold_5000,server_survived,False
2026-09-26T08:03:23,23568de,baseline,threads,pingpong_1,requests_per_sec,68184
2026-09-26T08:03:23,23568de,baseline,threads,pingpong_1,p50_us,14
2026-09-26T08:03:23,23568de,baseline,threads,pingpong_1,p99_us,25
2026-09-26T08:03:23,23568de,baseline,threads,pingpong_1,errors,0
2026-09-26T08:03:23,23568de,baseline,threads,pingpong_1,rss_mib,1.6
2026-09-26T08:03:23,23568de,baseline,threads,pingpong_1,server_survived,True
2026-09-26T08:03:23,23568de,baseline,threads,pingpong_1,cpu_us_per_op,4.52
2026-09-26T08:03:23,23568de,baseline,threads,pingpong_64,requests_per_sec,161786
2026-09-26T08:03:23,23568de,baseline,threads,pingpong_64,p50_us,382
2026-09-26T08:03:23,23568de,baseline,threads,pingpong_64,p99_us,484
2026-09-26T08:03:23,23568de,baseline,threads,pingpong_64,errors,0
2026-09-26T08:03:23,23568de,baseline,threads,pingpong_64,rss_mib,1.8
2026-09-26T08:03:23,23568de,baseline,threads,pingpong_64,server_survived,True
2026-09-26T08:03:23,23568de,baseline,threads,pingpong_64,cpu_us_per_op,11.36
2026-09-26T08:03:23,23568de,baseline,threads,bulk_1,mib_per_sec,1868.7
2026-09-26T08:03:23,23568de,baseline,threads,bulk_1,errors,0
2026-09-26T08:03:23,23568de,baseline,threads,bulk_1,rss_mib,1.6
2026-09-26T08:03:23,23568de,baseline,threads,bulk_1,server_survived,True
2026-09-26T08:03:23,23568de,baseline,threads,bulk_1,cpu_us_per_op,540.62
2026-09-26T08:03:23,23568de,baseline,threads,bulk_16,mib_per_sec,786.9
2026-09-26T08:03:23,23568de,baseline,threads,bulk_16,errors,0
2026-09-26T08:03:23,23568de,baseline,threads,bulk_16,rss_mib,1.6
2026-09-26T08:03:23,23568de,baseline,threads,bulk_16,server_survived,True
2026-09-26T08:03:23,23568de,baseline,threads,bulk_16,cpu_us_per_op,1100.1
2026-09-26T08:03:23,23568de,baseline,threads,churn_32,conns_per_sec,34250
2026-09-26T08:03:23,23568de,baseline,threads,churn_32,errors,0
2026-09-26T08:03:23,23568de,baseline,threads,churn_32,rss_mib,1.9
2026-09-26T08:03:23,23568de,baseline,threads,churn_32,server_survived,True
2026-09-26T08:03:23,23568de,baseline,threads,churn_32,cpu_us_per_op,37.06
2026-09-26T08:03:23,23568de,baseline,threads,hold_5000,max_open_conns,5000
2026-09-26T08:03:23,23568de,baseline,threads,hold_5000,hit_limit,False
2026-09-26T08:03:23,23568de,baseline,threads,hold_5000,rss_mib,13.8
2026-09-26T08:03:23,23568de,baseline,threads,hold_5000,server_survived,True
2026-09-26T08:03:23,23568de,baseline,tokio,pingpong_1,requests_per_sec,65373
2026-09-26T08:03:23,23568de,baseline,tokio,pingpong_1,p50_us,14
2026-09-26T08:03:23,23568de,baseline,tokio,pingpong_1,p99_us,24
2026-09-26T08:03:23,23568de,baseline,tokio,pingpong_1,errors,0
2026-09-26T08:03:23,23568de,baseline,tokio,pingpong_1,rss_mib,2.1
2026-09-26T08:03:23,23568de,baseline,tokio,pingpong_1,server_survived,True
2026-09-26T08:03:23,23568de,baseline,tokio,pingpong_1,cpu_us_per_op,5.14
2026-09-26T08:03:23,23568de,baseline,tokio,pingpong_64,requests_per_sec,163686
2026-09-26T08:03:23,23568de,baseline,tokio,pingpong_64,p50_us,385
2026-09-26T08:03:23,23568de,baseline,tokio,pingpong_64,p99_us,484
2026-09-26T08:03:23,23568de,baseline,tokio,pingpong_64,errors,0
2026-09-26T08:03:23,23568de,baseline,tokio,pingpong_64,rss_mib,2.6
2026-09-26T08:03:23,23568de,baseline,tokio,pingpong_64,server_survived,True
2026-09-26T08:03:23,23568de,baseline,tokio,pingpong_64,cpu_us_per_op,17.46
2026-09-26T08:03:23,23568de,baseline,tokio,bulk_1,mib_per_sec,1199.1
2026-09-26T08:03:23,23568de,baseline,tokio,bulk_1,errors,0
2026-09-26T08:03:23,23568de,baseline,tokio,bulk_1,rss_mib,2.1
2026-09-26T08:03:23,23568de,baseline,tokio,bulk_1,server_survived,True
2026-09-26T08:03:23,23568de,baseline,tokio,bulk_1,cpu_us_per_op,1203.47
2026-09-26T08:03:23,23568de,baseline,tokio,bulk_16,mib_per_sec,843.0
2026-09-26T08:03:23,23568de,baseline,tokio,bulk_16,errors,0
2026-09-26T08:03:23,23568de,baseline,tokio,bulk_16,rss_mib,2.3
2026-09-26T08:03:23,23568de,baseline,tokio,bulk_16,server_survived,True
2026-09-26T08:03:23,23568de,baseline,tokio,bulk_16,cpu_us_per_op,1401.82
2026-09-26T08:03:23,23568de,baseline,tokio,churn_32,conns_per_sec,39660
2026-09-26T08:03:23,23568de,baseline,tokio,churn_32,errors,0
2026-09-26T08:03:23,23568de,baseline,tokio,churn_32,rss_mib,2.5
2026-09-26T08:03:23,23568de,baseline,tokio,churn_32,server_survived,True
2026-09-26T08:03:23,23568de,baseline,tokio,churn_32,cpu_us_per_op,26.18
2026-09-26T08:03:23,23568de,baseline,tokio,hold_5000,max_open_conns,5000
2026-09-26T08:03:23,23568de,baseline,tokio,hold_5000,hit_limit,False
2026-09-26T08:03:23,23568de,baseline,tokio,hold_5000,rss_mib,29.0
2026-09-26T08:03:23,23568de,baseline,tokio,hold_5000,server_survived,True
2026-09-26T08:11:10,3d4a434-dirty,shed at limits,roc,pingpong_1,requests_per_sec,72768
2026-09-26T08:11:10,3d4a434-dirty,shed at limits,roc,pingpong_1,p50_us,14
2026-09-26T08:11:10,3d4a434-dirty,shed at limits,roc,pingpong_1,p99_us,28
2026-09-26T08:11:10,3d4a434-dirty,shed at limits,roc,pingpong_1,errors,0
2026-09-26T08:11:10,3d4a434-dirty,shed at limits,roc,pingpong_1,rss_mib,3.1
2026-09-26T08:11:10,3d4a434-dirty,shed at limits,roc,pingpong_1,server_survived,True
2026-09-26T08:11:10,3d4a434-dirty,shed at limits,roc,pingpong_1,cpu_us_per_op,4.64
2026-09-26T08:11:10,3d4a434-dirty,shed at limits,roc,pingpong_64,requests_per_sec,157343
2026-09-26T08:11:10,3d4a434-dirty,shed at limits,roc,pingpong_64,p50_us,387
2026-09-26T08:11:10,3d4a434-dirty,shed at limits,roc,pingpong_64,p99_us,813
2026-09-26T08:11:10,3d4a434-dirty,shed at limits,roc,pingpong_64,errors,0
2026-09-26T08:11:10,3d4a434-dirty,shed at limits,roc,pingpong_64,rss_mib,4.5
2026-09-26T08:11:10,3d4a434-dirty,shed at limits,roc,pingpong_64,server_survived,True
2026-09-26T08:11:10,3d4a434-dirty,shed at limits,roc,pingpong_64,cpu_us_per_op,11.82
2026-09-26T08:11:10,3d4a434-dirty,shed at limits,roc,bulk_1,mib_per_sec,1631.2
2026-09-26T08:11:10,3d4a434-dirty,shed at limits,roc,bulk_1,errors,0
2026-09-26T08:11:10,3d4a434-dirty,shed at limits,roc,bulk_1,rss_mib,3.0
2026-09-26T08:11:10,3d4a434-dirty,shed at limits,roc,bulk_1,server_survived,True
2026-09-26T08:11:10,3d4a434-dirty,shed at limits,roc,bulk_1,cpu_us_per_op,618.04
2026-09-26T08:11:10,3d4a434-dirty,shed at limits,roc,bulk_16,mib_per_sec,832.1
2026-09-26T08:11:10,3d4a434-dirty,shed at limits,roc,bulk_16,errors,0
2026-09-26T08:11:10,3d4a434-dirty,shed at limits,roc,bulk_16,rss_mib,5.7
2026-09-26T08:11:10,3d4a434-dirty,shed at limits,roc,bulk_16,server_survived,True
2026-09-26T08:11:10,3d4a434-dirty,shed at limits,roc,bulk_16,cpu_us_per_op,1142.67
2026-09-26T08:11:10,3d4a434-dirty,shed at limits,roc,churn_32,conns_per_sec,36559
2026-09-26T08:11:10,3d4a434-dirty,shed at limits,roc,churn_32,errors,0
2026-09-26T08:11:10,3d4a434-dirty,shed at limits,roc,churn_32,rss_mib,4.4
2026-09-26T08:11:10,3d4a434-dirty,shed at limits,roc,churn_32,server_survived,True
2026-09-26T08:11:10,3d4a434-dirty,shed at limits,roc,churn_32,cpu_us_per_op,34.41
2026-09-26T08:11:10,3d4a434-dirty,shed at limits,roc,hold_10000,max_open_conns,6143
2026-09-26T08:11:10,3d4a434-dirty,shed at limits,roc,hold_10000,hit_limit,True
2026-09-26T08:11:10,3d4a434-dirty,shed at limits,roc,hold_10000,rss_mib,31.7
2026-09-26T08:11:10,3d4a434-dirty,shed at limits,roc,hold_10000,server_survived,True
2026-09-26T08:11:10,3d4a434-dirty,shed at limits,threads,pingpong_1,requests_per_sec,66727
2026-09-26T08:11:10,3d4a434-dirty,shed at limits,threads,pingpong_1,p50_us,14
2026-09-26T08:11:10,3d4a434-dirty,shed at limits,threads,pingpong_1,p99_us,31
2026-09-26T08:11:10,3d4a434-dirty,shed at limits,threads,pingpong_1,errors,0
2026-09-26T08:11:10,3d4a434-dirty,shed at limits,threads,pingpong_1,rss_mib,1.5
2026-09-26T08:11:10,3d4a434-dirty,shed at limits,threads,pingpong_1,server_survived,True
2026-09-26T08:11:10,3d4a434-dirty,shed at limits,threads,pingpong_1,cpu_us_per_op,4.65
2026-09-26T08:11:10,3d4a434-dirty,shed at limits,threads,pingpong_64,requests_per_sec,164619
2026-09-26T08:11:10,3d4a434-dirty,shed at limits,threads,pingpong_64,p50_us,378
2026-09-26T08:11:10,3d4a434-dirty,shed at limits,threads,pingpong_64,p99_us,508
2026-09-26T08:11:10,3d4a434-dirty,shed at limits,threads,pingpong_64,errors,0
2026-09-26T08:11:10,3d4a434-dirty,shed at limits,threads,pingpong_64,rss_mib,1.8
2026-09-26T08:11:10,3d4a434-dirty,shed at limits,threads,pingpong_64,server_survived,True
2026-09-26T08:11:10,3d4a434-dirty,shed at limits,threads,pingpong_64,cpu_us_per_op,11.11
2026-09-26T08:11:10,3d4a434-dirty,shed at limits,threads,bulk_1,mib_per_sec,1694.2
2026-09-26T08:11:10,3d4a434-dirty,shed at limits,threads,bulk_1,errors,0
2026-09-26T08:11:10,3d4a434-dirty,shed at limits,threads,bulk_1,rss_mib,1.6
2026-09-26T08:11:10,3d4a434-dirty,shed at limits,threads,bulk_1,server_survived,True
2026-09-26T08:11:10,3d4a434-dirty,shed at limits,threads,bulk_1,cpu_us_per_op,593.06
2026-09-26T08:11:10,3d4a434-dirty,shed at limits,threads,bulk_16,mib_per_sec,1527.5
2026-09-26T08:11:10,3d4a434-dirty,shed at limits,threads,bulk_16,errors,0
2026-09-26T08:11:10,3d4a434-dirty,shed at limits,threads,bulk_16,rss_mib,1.6
2026-09-26T08:11:10,3d4a434-dirty,shed at limits,threads,bulk_16,server_survived,True
2026-09-26T08:11:10,3d4a434-dirty,shed at limits,threads,bulk_16,cpu_us_per_op,1038.83
2026-09-26T08:11:10,3d4a434-dirty,shed at limits,threads,churn_32,conns_per_sec,36898
2026-09-26T08:11:10,3d4a434-dirty,shed at limits,threads,churn_32,errors,0
2026-09-26T08:11:10,3d4a434-dirty,shed at limits,threads,churn_32,rss_mib,1.9
2026-09-26T08:11:10,3d4a434-dirty,shed at limits,threads,churn_32,server_survived,True
2026-09-26T08:11:10,3d4a434-dirty,shed at limits,threads,churn_32,cpu_us_per_op,38.97
2026-09-26T08:11:10,3d4a434-dirty,shed at limits,threads,hold_10000,max_open_conns,6143
2026-09-26T08:11:10,3d4a434-dirty,shed at limits,threads,hold_10000,hit_limit,True
2026-09-26T08:11:10,3d4a434-dirty,shed at limits,threads,hold_10000,rss_mib,16.4
2026-09-26T08:11:10,3d4a434-dirty,shed at limits,threads,hold_10000,server_survived,True
2026-09-26T08:11:10,3d4a434-dirty,shed at limits,tokio,pingpong_1,requests_per_sec,62294
2026-09-26T08:11:10,3d4a434-dirty,shed at limits,tokio,pingpong_1,p50_us,14
2026-09-26T08:11:10,3d4a434-dirty,shed at limits,tokio,pingpong_1,p99_us,41
2026-09-26T08:11:10,3d4a434-dirty,shed at limits,tokio,pingpong_1,errors,0
2026-09-26T08:11:10,3d4a434-dirty,shed at limits,tokio,pingpong_1,rss_mib,2.1
2026-09-26T08:11:10,3d4a434-dirty,shed at limits,tokio,pingpong_1,server_survived,True
2026-09-26T08:11:10,3d4a434-dirty,shed at limits,tokio,pingpong_1,cpu_us_per_op,5.43
2026-09-26T08:11:10,3d4a434-dirty,shed at limits,tokio,pingpong_64,requests_per_sec,166655
2026-09-26T08:11:10,3d4a434-dirty,shed at limits,tokio,pingpong_64,p50_us,380
2026-09-26T08:11:10,3d4a434-dirty,shed at limits,tokio,pingpong_64,p99_us,494
2026-09-26T08:11:10,3d4a434-dirty,shed at limits,tokio,pingpong_64,errors,0
2026-09-26T08:11:10,3d4a434-dirty,shed at limits,tokio,pingpong_64,rss_mib,2.6
2026-09-26T08:11:10,3d4a434-dirty,shed at limits,tokio,pingpong_64,server_survived,True
2026-09-26T08:11:10,3d4a434-dirty,shed at limits,tokio,pingpong_64,cpu_us_per_op,16.17
2026-09-26T08:11:10,3d4a434-dirty,shed at limits,tokio,bulk_1,mib_per_sec,1227.9
2026-09-26T08:11:10,3d4a434-dirty,shed at limits,tokio,bulk_1,errors,0
2026-09-26T08:11:10,3d4a434-dirty,shed at limits,tokio,bulk_1,rss_mib,2.1
2026-09-26T08:11:10,3d4a434-dirty,shed at limits,tokio,bulk_1,server_survived,True
2026-09-26T08:11:10,3d4a434-dirty,shed at limits,tokio,bulk_1,cpu_us_per_op,1196.4
2026-09-26T08:11:10,3d4a434-dirty,shed at limits,tokio,bulk_16,mib_per_sec,1467.0
2026-09-26T08:11:10,3d4a434-dirty,shed at limits,tokio,bulk_16,errors,0
2026-09-26T08:11:10,3d4a434-dirty,shed at limits,tokio,bulk_16,rss_mib,2.3
2026-09-26T08:11:10,3d4a434-dirty,shed at limits,tokio,bulk_16,server_survived,True
2026-09-26T08:11:10,3d4a434-dirty,shed at limits,tokio,bulk_16,cpu_us_per_op,1128.13
2026-09-26T08:11:10,3d4a434-dirty,shed at limits,tokio,churn_32,conns_per_sec,37380
2026-09-26T08:11:10,3d4a434-dirty,shed at limits,tokio,churn_32,errors,0
2026-09-26T08:11:10,3d4a434-dirty,shed at limits,tokio,churn_32,rss_mib,2.5
2026-09-26T08:11:10,3d4a434-dirty,shed at limits,tokio,churn_32,server_survived,True
2026-09-26T08:11:10,3d4a434-dirty,shed at limits,tokio,churn_32,cpu_us_per_op,27.61
2026-09-26T08:11:10,3d4a434-dirty,shed at limits,tokio,hold_10000,max_open_conns,10000
2026-09-26T08:11:10,3d4a434-dirty,shed at limits,tokio,hold_10000,hit_limit,False
2026-09-26T08:11:10,3d4a434-dirty,shed at limits,tokio,hold_10000,rss_mib,55.7
2026-09-26T08:11:10,3d4a434-dirty,shed at limits,tokio,hold_10000,server_survived,True
2026-09-26T08:30:12,976c6c9-dirty,m4: shared socket functions,roc,pingpong_1,requests_per_sec,67410
2026-09-26T08:30:12,976c6c9-dirty,m4: shared socket functions,roc,pingpong_1,p50_us,14
2026-09-26T08:30:12,976c6c9-dirty,m4: shared socket functions,roc,pingpong_1,p99_us,23
2026-09-26T08:30:12,976c6c9-dirty,m4: shared socket functions,roc,pingpong_1,errors,0
2026-09-26T08:30:12,976c6c9-dirty,m4: shared socket functions,roc,pingpong_1,rss_mib,3.4
2026-09-26T08:30:12,976c6c9-dirty,m4: shared socket functions,roc,pingpong_1,server_survived,True
2026-09-26T08:30:12,976c6c9-dirty,m4: shared socket functions,roc,pingpong_1,cpu_us_per_op,4.86
2026-09-26T08:30:12,976c6c9-dirty,m4: shared socket functions,roc,pingpong_64,requests_per_sec,164546
2026-09-26T08:30:12,976c6c9-dirty,m4: shared socket functions,roc,pingpong_64,p50_us,380
2026-09-26T08:30:12,976c6c9-dirty,m4: shared socket functions,roc,pingpong_64,p99_us,485
2026-09-26T08:30:12,976c6c9-dirty,m4: shared socket functions,roc,pingpong_64,errors,0
2026-09-26T08:30:12,976c6c9-dirty,m4: shared socket functions,roc,pingpong_64,rss_mib,4.9
2026-09-26T08:30:12,976c6c9-dirty,m4: shared socket functions,roc,pingpong_64,server_survived,True
2026-09-26T08:30:12,976c6c9-dirty,m4: shared socket functions,roc,pingpong_64,cpu_us_per_op,11.93
2026-09-26T08:30:12,976c6c9-dirty,m4: shared socket functions,roc,bulk_1,mib_per_sec,1777.2
2026-09-26T08:30:12,976c6c9-dirty,m4: shared socket functions,roc,bulk_1,errors,0
2026-09-26T08:30:12,976c6c9-dirty,m4: shared socket functions,roc,bulk_1,rss_mib,3.4
2026-09-26T08:30:12,976c6c9-dirty,m4: shared socket functions,roc,bulk_1,server_survived,True
2026-09-26T08:30:12,976c6c9-dirty,m4: shared socket functions,roc,bulk_1,cpu_us_per_op,571.2
2026-09-26T08:30:12,976c6c9-dirty,m4: shared socket functions,roc,bulk_16,mib_per_sec,837.3
2026-09-26T08:30:12,976c6c9-dirty,m4: shared socket functions,roc,bulk_16,errors,0
2026-09-26T08:30:12,976c6c9-dirty,m4: shared socket functions,roc,bulk_16,rss_mib,5.9
2026-09-26T08:30:12,976c6c9-dirty,m4: shared socket functions,roc,bulk_16,server_survived,True
2026-09-26T08:30:12,976c6c9-dirty,m4: shared socket functions,roc,bulk_16,cpu_us_per_op,1146.24
2026-09-26T08:30:12,976c6c9-dirty,m4: shared socket functions,roc,churn_32,conns_per_sec,36159
2026-09-26T08:30:12,976c6c9-dirty,m4: shared socket functions,roc,churn_32,errors,0
2026-09-26T08:30:12,976c6c9-dirty,m4: shared socket functions,roc,churn_32,rss_mib,4.7
2026-09-26T08:30:12,976c6c9-dirty,m4: shared socket functions,roc,churn_32,server_survived,True
2026-09-26T08:30:12,976c6c9-dirty,m4: shared socket functions,roc,churn_32,cpu_us_per_op,32.48
2026-09-26T08:30:12,976c6c9-dirty,m4: shared socket functions,roc,hold_10000,max_open_conns,6143
2026-09-26T08:30:12,976c6c9-dirty,m4: shared socket functions,roc,hold_10000,hit_limit,True
2026-09-26T08:30:12,976c6c9-dirty,m4: shared socket functions,roc,hold_10000,rss_mib,31.9
2026-09-26T08:30:12,976c6c9-dirty,m4: shared socket functions,roc,hold_10000,server_survived,True
2026-09-26T12:07:11,d3cd63e-dirty,channels (extra dealloc check),roc,pingpong_1,requests_per_sec,68026
2026-09-26T12:07:11,d3cd63e-dirty,channels (extra dealloc check),roc,pingpong_1,p50_us,14
2026-09-26T12:07:11,d3cd63e-dirty,channels (extra dealloc check),roc,pingpong_1,p99_us,22
2026-09-26T12:07:11,d3cd63e-dirty,channels (extra dealloc check),roc,pingpong_1,errors,0
2026-09-26T12:07:11,d3cd63e-dirty,channels (extra dealloc check),roc,pingpong_1,rss_mib,3.4
2026-09-26T12:07:11,d3cd63e-dirty,channels (extra dealloc check),roc,pingpong_1,server_survived,True
2026-09-26T12:07:11,d3cd63e-dirty,channels (extra dealloc check),roc,pingpong_1,cpu_us_per_op,4.78
2026-09-26T12:07:11,d3cd63e-dirty,channels (extra dealloc check),roc,pingpong_64,requests_per_sec,164778
2026-09-26T12:07:11,d3cd63e-dirty,channels (extra dealloc check),roc,pingpong_64,p50_us,380
2026-09-26T12:07:11,d3cd63e-dirty,channels (extra dealloc check),roc,pingpong_64,p99_us,467
2026-09-26T12:07:11,d3cd63e-dirty,channels (extra dealloc check),roc,pingpong_64,errors,0
2026-09-26T12:07:11,d3cd63e-dirty,channels (extra dealloc check),roc,pingpong_64,rss_mib,4.8
2026-09-26T12:07:11,d3cd63e-dirty,channels (extra dealloc check),roc,pingpong_64,server_survived,True
2026-09-26T12:07:11,d3cd63e-dirty,channels (extra dealloc check),roc,pingpong_64,cpu_us_per_op,11.89
2026-09-26T12:07:11,d3cd63e-dirty,channels (extra dealloc check),roc,bulk_1,mib_per_sec,1922.4
2026-09-26T12:07:11,d3cd63e-dirty,channels (extra dealloc check),roc,bulk_1,errors,0
2026-09-26T12:07:11,d3cd63e-dirty,channels (extra dealloc check),roc,bulk_1,rss_mib,3.1
2026-09-26T12:07:11,d3cd63e-dirty,channels (extra dealloc check),roc,bulk_1,server_survived,True
2026-09-26T12:07:11,d3cd63e-dirty,channels (extra dealloc check),roc,bulk_1,cpu_us_per_op,524.43
2026-09-26T12:07:11,d3cd63e-dirty,channels (extra dealloc check),roc,bulk_16,mib_per_sec,1072.2
2026-09-26T12:07:11,d3cd63e-dirty,channels (extra dealloc check),roc,bulk_16,errors,0
2026-09-26T12:07:11,d3cd63e-dirty,channels (extra dealloc check),roc,bulk_16,rss_mib,5.9
2026-09-26T12:07:11,d3cd63e-dirty,channels (extra dealloc check),roc,bulk_16,server_survived,True
2026-09-26T12:07:11,d3cd63e-dirty,channels (extra dealloc check),roc,bulk_16,cpu_us_per_op,1073.6
2026-09-26T12:07:11,d3cd63e-dirty,channels (extra dealloc check),roc,churn_32,conns_per_sec,36027
2026-09-26T12:07:11,d3cd63e-dirty,channels (extra dealloc check),roc,churn_32,errors,0
2026-09-26T12:07:11,d3cd63e-dirty,channels (extra dealloc check),roc,churn_32,rss_mib,4.7
2026-09-26T12:07:11,d3cd63e-dirty,channels (extra dealloc check),roc,churn_32,server_survived,True
2026-09-26T12:07:11,d3cd63e-dirty,channels (extra dealloc check),roc,churn_32,cpu_us_per_op,32.32
2026-09-26T12:07:11,d3cd63e-dirty,channels (extra dealloc check),roc,hold_10000,max_open_conns,6143
2026-09-26T12:07:11,d3cd63e-dirty,channels (extra dealloc check),roc,hold_10000,hit_limit,True
2026-09-26T12:07:11,d3cd63e-dirty,channels (extra dealloc check),roc,hold_10000,rss_mib,32.1
2026-09-26T12:07:11,d3cd63e-dirty,channels (extra dealloc check),roc,hold_10000,server_survived,True
2026-09-26T17:58:32,37b400a,perf baseline,roc,pingpong_1,requests_per_sec,67096
2026-09-26T17:58:32,37b400a,perf baseline,roc,pingpong_1,p50_us,14
2026-09-26T17:58:32,37b400a,perf baseline,roc,pingpong_1,p99_us,25
2026-09-26T17:58:32,37b400a,perf baseline,roc,pingpong_1,errors,0
2026-09-26T17:58:32,37b400a,perf baseline,roc,pingpong_1,rss_mib,22.8
2026-09-26T17:58:32,37b400a,perf baseline,roc,pingpong_1,server_survived,True
2026-09-26T17:58:32,37b400a,perf baseline,roc,pingpong_1,cpu_us_per_op,4.92
2026-09-26T17:58:32,37b400a,perf baseline,roc,pingpong_64,requests_per_sec,164651
2026-09-26T17:58:32,37b400a,perf baseline,roc,pingpong_64,p50_us,380
2026-09-26T17:58:32,37b400a,perf baseline,roc,pingpong_64,p99_us,471
2026-09-26T17:58:32,37b400a,perf baseline,roc,pingpong_64,errors,0
2026-09-26T17:58:32,37b400a,perf baseline,roc,pingpong_64,rss_mib,24.5
2026-09-26T17:58:32,37b400a,perf baseline,roc,pingpong_64,server_survived,True
2026-09-26T17:58:32,37b400a,perf baseline,roc,pingpong_64,cpu_us_per_op,11.67
2026-09-26T17:58:32,37b400a,perf baseline,roc,bulk_1,mib_per_sec,1827.7
2026-09-26T17:58:32,37b400a,perf baseline,roc,bulk_1,errors,0
2026-09-26T17:58:32,37b400a,perf baseline,roc,bulk_1,rss_mib,22.5
2026-09-26T17:58:32,37b400a,perf baseline,roc,bulk_1,server_survived,True
2026-09-26T17:58:32,37b400a,perf baseline,roc,bulk_1,cpu_us_per_op,551.42
2026-09-26T17:58:32,37b400a,perf baseline,roc,bulk_16,mib_per_sec,1386.6
2026-09-26T17:58:32,37b400a,perf baseline,roc,bulk_16,errors,0
2026-09-26T17:58:32,37b400a,perf baseline,roc,bulk_16,rss_mib,25.3
2026-09-26T17:58:32,37b400a,perf baseline,roc,bulk_16,server_survived,True
2026-09-26T17:58:32,37b400a,perf baseline,roc,bulk_16,cpu_us_per_op,842.21
2026-09-26T17:58:32,37b400a,perf baseline,roc,churn_32,conns_per_sec,37583
2026-09-26T17:58:32,37b400a,perf baseline,roc,churn_32,errors,0
2026-09-26T17:58:32,37b400a,perf baseline,roc,churn_32,rss_mib,24.2
2026-09-26T17:58:32,37b400a,perf baseline,roc,churn_32,server_survived,True
2026-09-26T17:58:32,37b400a,perf baseline,roc,churn_32,cpu_us_per_op,33.96
2026-09-26T17:58:32,37b400a,perf baseline,roc,hold_10000,max_open_conns,6143
2026-09-26T17:58:32,37b400a,perf baseline,roc,hold_10000,hit_limit,True
2026-09-26T17:58:32,37b400a,perf baseline,roc,hold_10000,rss_mib,51.3
2026-09-26T17:58:32,37b400a,perf baseline,roc,hold_10000,server_survived,True
2026-09-26T17:58:32,37b400a,perf baseline,threads,pingpong_1,requests_per_sec,69105
2026-09-26T17:58:32,37b400a,perf baseline,threads,pingpong_1,p50_us,14
2026-09-26T17:58:32,37b400a,perf baseline,threads,pingpong_1,p99_us,21
2026-09-26T17:58:32,37b400a,perf baseline,threads,pingpong_1,errors,0
2026-09-26T17:58:32,37b400a,perf baseline,threads,pingpong_1,rss_mib,1.6
2026-09-26T17:58:32,37b400a,perf baseline,threads,pingpong_1,server_survived,True
2026-09-26T17:58:32,37b400a,perf baseline,threads,pingpong_1,cpu_us_per_op,4.44
2026-09-26T17:58:32,37b400a,perf baseline,threads,pingpong_64,requests_per_sec,167045
2026-09-26T17:58:32,37b400a,perf baseline,threads,pingpong_64,p50_us,377
2026-09-26T17:58:32,37b400a,perf baseline,threads,pingpong_64,p99_us,461
2026-09-26T17:58:32,37b400a,perf baseline,threads,pingpong_64,errors,0
2026-09-26T17:58:32,37b400a,perf baseline,threads,pingpong_64,rss_mib,1.8
2026-09-26T17:58:32,37b400a,perf baseline,threads,pingpong_64,server_survived,True
2026-09-26T17:58:32,37b400a,perf baseline,threads,pingpong_64,cpu_us_per_op,11.27
2026-09-26T17:58:32,37b400a,perf baseline,threads,bulk_1,mib_per_sec,1796.3
2026-09-26T17:58:32,37b400a,perf baseline,threads,bulk_1,errors,0
2026-09-26T17:58:32,37b400a,perf baseline,threads,bulk_1,rss_mib,1.6
2026-09-26T17:58:32,37b400a,perf baseline,threads,bulk_1,server_survived,True
2026-09-26T17:58:32,37b400a,perf baseline,threads,bulk_1,cpu_us_per_op,563.35
2026-09-26T17:58:32,37b400a,perf baseline,threads,bulk_16,mib_per_sec,1263.2
2026-09-26T17:58:32,37b400a,perf baseline,threads,bulk_16,errors,0
2026-09-26T17:58:32,37b400a,perf baseline,threads,bulk_16,rss_mib,1.7
2026-09-26T17:58:32,37b400a,perf baseline,threads,bulk_16,server_survived,True
2026-09-26T17:58:32,37b400a,perf baseline,threads,bulk_16,cpu_us_per_op,818.58
2026-09-26T17:58:32,37b400a,perf baseline,threads,churn_32,conns_per_sec,38345
2026-09-26T17:58:32,37b400a,perf baseline,threads,churn_32,errors,0
2026-09-26T17:58:32,37b400a,perf baseline,threads,churn_32,rss_mib,1.9
2026-09-26T17:58:32,37b400a,perf baseline,threads,churn_32,server_survived,True
2026-09-26T17:58:32,37b400a,perf baseline,threads,churn_32,cpu_us_per_op,35.99
2026-09-26T17:58:32,37b400a,perf baseline,threads,hold_10000,max_open_conns,6143
2026-09-26T17:58:32,37b400a,perf baseline,threads,hold_10000,hit_limit,True
2026-09-26T17:58:32,37b400a,perf baseline,threads,hold_10000,rss_mib,16.4
2026-09-26T17:58:32,37b400a,perf baseline,threads,hold_10000,server_survived,True
2026-09-26T17:59:09,37b400a,perf baseline,roc,pingpong_1,requests_per_sec,67684
2026-09-26T17:59:09,37b400a,perf baseline,roc,pingpong_1,p50_us,14
2026-09-26T17:59:09,37b400a,perf baseline,roc,pingpong_1,p99_us,24
2026-09-26T17:59:09,37b400a,perf baseline,roc,pingpong_1,errors,0
2026-09-26T17:59:09,37b400a,perf baseline,roc,pingpong_1,rss_mib,22.8
2026-09-26T17:59:09,37b400a,perf baseline,roc,pingpong_1,server_survived,True
2026-09-26T17:59:09,37b400a,perf baseline,roc,pingpong_1,cpu_us_per_op,4.84
2026-09-26T17:59:09,37b400a,perf baseline,roc,pingpong_64,requests_per_sec,164924
2026-09-26T17:59:09,37b400a,perf baseline,roc,pingpong_64,p50_us,381
2026-09-26T17:59:09,37b400a,perf baseline,roc,pingpong_64,p99_us,470
2026-09-26T17:59:09,37b400a,perf baseline,roc,pingpong_64,errors,0
2026-09-26T17:59:09,37b400a,perf baseline,roc,pingpong_64,rss_mib,24.1
2026-09-26T17:59:09,37b400a,perf baseline,roc,pingpong_64,server_survived,True
2026-09-26T17:59:09,37b400a,perf baseline,roc,pingpong_64,cpu_us_per_op,11.87
2026-09-26T17:59:09,37b400a,perf baseline,roc,bulk_1,mib_per_sec,1709.5
2026-09-26T17:59:09,37b400a,perf baseline,roc,bulk_1,errors,0
2026-09-26T17:59:09,37b400a,perf baseline,roc,bulk_1,rss_mib,22.8
2026-09-26T17:59:09,37b400a,perf baseline,roc,bulk_1,server_survived,True
2026-09-26T17:59:09,37b400a,perf baseline,roc,bulk_1,cpu_us_per_op,591.7
2026-09-26T17:59:09,37b400a,perf baseline,roc,bulk_16,mib_per_sec,1013.4
2026-09-26T17:59:09,37b400a,perf baseline,roc,bulk_16,errors,0
2026-09-26T17:59:09,37b400a,perf baseline,roc,bulk_16,rss_mib,25.4
2026-09-26T17:59:09,37b400a,perf baseline,roc,bulk_16,server_survived,True
2026-09-26T17:59:09,37b400a,perf baseline,roc,bulk_16,cpu_us_per_op,1020.34
2026-09-26T17:59:09,37b400a,perf baseline,roc,churn_32,conns_per_sec,37286
2026-09-26T17:59:09,37b400a,perf baseline,roc,churn_32,errors,0
2026-09-26T17:59:09,37b400a,perf baseline,roc,churn_32,rss_mib,24.1
2026-09-26T17:59:09,37b400a,perf baseline,roc,churn_32,server_survived,True
2026-09-26T17:59:09,37b400a,perf baseline,roc,churn_32,cpu_us_per_op,34.1
2026-09-26T17:59:09,37b400a,perf baseline,roc,hold_10000,max_open_conns,6143
2026-09-26T17:59:09,37b400a,perf baseline,roc,hold_10000,hit_limit,True
2026-09-26T17:59:09,37b400a,perf baseline,roc,hold_10000,rss_mib,51.2
2026-09-26T17:59:09,37b400a,perf baseline,roc,hold_10000,server_survived,True
2026-09-26T17:59:09,37b400a,perf baseline,threads,pingpong_1,requests_per_sec,69085
2026-09-26T17:59:09,37b400a,perf baseline,threads,pingpong_1,p50_us,14
2026-09-26T17:59:09,37b400a,perf baseline,threads,pingpong_1,p99_us,22
2026-09-26T17:59:09,37b400a,perf baseline,threads,pingpong_1,errors,0
2026-09-26T17:59:09,37b400a,perf baseline,threads,pingpong_1,rss_mib,1.6
2026-09-26T17:59:09,37b400a,perf baseline,threads,pingpong_1,server_survived,True
2026-09-26T17:59:09,37b400a,perf baseline,threads,pingpong_1,cpu_us_per_op,4.48
2026-09-26T17:59:09,37b400a,perf baseline,threads,pingpong_64,requests_per_sec,165931
2026-09-26T17:59:09,37b400a,perf baseline,threads,pingpong_64,p50_us,377
2026-09-26T17:59:09,37b400a,perf baseline,threads,pingpong_64,p99_us,467
2026-09-26T17:59:09,37b400a,perf baseline,threads,pingpong_64,errors,0
2026-09-26T17:59:09,37b400a,perf baseline,threads,pingpong_64,rss_mib,1.8
2026-09-26T17:59:09,37b400a,perf baseline,threads,pingpong_64,server_survived,True
2026-09-26T17:59:09,37b400a,perf baseline,threads,pingpong_64,cpu_us_per_op,11.3
2026-09-26T17:59:09,37b400a,perf baseline,threads,bulk_1,mib_per_sec,1828.4
2026-09-26T17:59:09,37b400a,perf baseline,threads,bulk_1,errors,0
2026-09-26T17:59:09,37b400a,perf baseline,threads,bulk_1,rss_mib,1.6
2026-09-26T17:59:09,37b400a,perf baseline,threads,bulk_1,server_survived,True
2026-09-26T17:59:09,37b400a,perf baseline,threads,bulk_1,cpu_us_per_op,550.55
2026-09-26T17:59:09,37b400a,perf baseline,threads,bulk_16,mib_per_sec,785.7
2026-09-26T17:59:09,37b400a,perf baseline,threads,bulk_16,errors,0
2026-09-26T17:59:09,37b400a,perf baseline,threads,bulk_16,rss_mib,1.6
2026-09-26T17:59:09,37b400a,perf baseline,threads,bulk_16,server_survived,True
2026-09-26T17:59:09,37b400a,perf baseline,threads,bulk_16,cpu_us_per_op,1087.75
2026-09-26T17:59:09,37b400a,perf baseline,threads,churn_32,conns_per_sec,37571
2026-09-26T17:59:09,37b400a,perf baseline,threads,churn_32,errors,0
2026-09-26T17:59:09,37b400a,perf baseline,threads,churn_32,rss_mib,1.9
2026-09-26T17:59:09,37b400a,perf baseline,threads,churn_32,server_survived,True
2026-09-26T17:59:09,37b400a,perf baseline,threads,churn_32,cpu_us_per_op,35.41
2026-09-26T17:59:09,37b400a,perf baseline,threads,hold_10000,max_open_conns,6143
2026-09-26T17:59:09,37b400a,perf baseline,threads,hold_10000,hit_limit,True
2026-09-26T17:59:09,37b400a,perf baseline,threads,hold_10000,rss_mib,16.4
2026-09-26T17:59:09,37b400a,perf baseline,threads,hold_10000,server_survived,True
2026-09-26T18:00:46,37b400a-dirty,boxed tls + read into roc list,roc,pingpong_1,requests_per_sec,67352
2026-09-26T18:00:46,37b400a-dirty,boxed tls + read into roc list,roc,pingpong_1,p50_us,14
2026-09-26T18:00:46,37b400a-dirty,boxed tls + read into roc list,roc,pingpong_1,p99_us,22
2026-09-26T18:00:46,37b400a-dirty,boxed tls + read into roc list,roc,pingpong_1,errors,0
2026-09-26T18:00:46,37b400a-dirty,boxed tls + read into roc list,roc,pingpong_1,rss_mib,3.7
2026-09-26T18:00:46,37b400a-dirty,boxed tls + read into roc list,roc,pingpong_1,server_survived,True
2026-09-26T18:00:46,37b400a-dirty,boxed tls + read into roc list,roc,pingpong_1,cpu_us_per_op,4.79
2026-09-26T18:00:46,37b400a-dirty,boxed tls + read into roc list,roc,pingpong_64,requests_per_sec,165303
2026-09-26T18:00:46,37b400a-dirty,boxed tls + read into roc list,roc,pingpong_64,p50_us,381
2026-09-26T18:00:46,37b400a-dirty,boxed tls + read into roc list,roc,pingpong_64,p99_us,478
2026-09-26T18:00:46,37b400a-dirty,boxed tls + read into roc list,roc,pingpong_64,errors,0
2026-09-26T18:00:46,37b400a-dirty,boxed tls + read into roc list,roc,pingpong_64,rss_mib,5.3
2026-09-26T18:00:46,37b400a-dirty,boxed tls + read into roc list,roc,pingpong_64,server_survived,True
2026-09-26T18:00:46,37b400a-dirty,boxed tls + read into roc list,roc,pingpong_64,cpu_us_per_op,11.77
2026-09-26T18:00:46,37b400a-dirty,boxed tls + read into roc list,roc,bulk_1,mib_per_sec,1867.1
2026-09-26T18:00:46,37b400a-dirty,boxed tls + read into roc list,roc,bulk_1,errors,0
2026-09-26T18:00:46,37b400a-dirty,boxed tls + read into roc list,roc,bulk_1,rss_mib,3.8
2026-09-26T18:00:46,37b400a-dirty,boxed tls + read into roc list,roc,bulk_1,server_survived,True
2026-09-26T18:00:46,37b400a-dirty,boxed tls + read into roc list,roc,bulk_1,cpu_us_per_op,539.16
2026-09-26T18:00:46,37b400a-dirty,boxed tls + read into roc list,roc,bulk_16,mib_per_sec,1023.6
2026-09-26T18:00:46,37b400a-dirty,boxed tls + read into roc list,roc,bulk_16,errors,0
2026-09-26T18:00:46,37b400a-dirty,boxed tls + read into roc list,roc,bulk_16,rss_mib,4.6
2026-09-26T18:00:46,37b400a-dirty,boxed tls + read into roc list,roc,bulk_16,server_survived,True
2026-09-26T18:00:46,37b400a-dirty,boxed tls + read into roc list,roc,bulk_16,cpu_us_per_op,1000.96
2026-09-26T18:00:46,37b400a-dirty,boxed tls + read into roc list,roc,churn_32,conns_per_sec,37707
2026-09-26T18:00:46,37b400a-dirty,boxed tls + read into roc list,roc,churn_32,errors,0
2026-09-26T18:00:46,37b400a-dirty,boxed tls + read into roc list,roc,churn_32,rss_mib,5.3
2026-09-26T18:00:46,37b400a-dirty,boxed tls + read into roc list,roc,churn_32,server_survived,True
2026-09-26T18:00:46,37b400a-dirty,boxed tls + read into roc list,roc,churn_32,cpu_us_per_op,33.73
2026-09-26T18:00:46,37b400a-dirty,boxed tls + read into roc list,roc,hold_10000,max_open_conns,6143
2026-09-26T18:00:46,37b400a-dirty,boxed tls + read into roc list,roc,hold_10000,hit_limit,True
2026-09-26T18:00:46,37b400a-dirty,boxed tls + read into roc list,roc,hold_10000,rss_mib,27.3
2026-09-26T18:00:46,37b400a-dirty,boxed tls + read into roc list,roc,hold_10000,server_survived,True
2026-09-26T18:01:05,37b400a-dirty,boxed tls + read into roc list,roc,pingpong_1,requests_per_sec,67134
2026-09-26T18:01:05,37b400a-dirty,boxed tls + read into roc list,roc,pingpong_1,p50_us,14
2026-09-26T18:01:05,37b400a-dirty,boxed tls + read into roc list,roc,pingpong_1,p99_us,27
2026-09-26T18:01:05,37b400a-dirty,boxed tls + read into roc list,roc,pingpong_1,errors,0
2026-09-26T18:01:05,37b400a-dirty,boxed tls + read into roc list,roc,pingpong_1,rss_mib,3.7
2026-09-26T18:01:05,37b400a-dirty,boxed tls + read into roc list,roc,pingpong_1,server_survived,True
2026-09-26T18:01:05,37b400a-dirty,boxed tls + read into roc list,roc,pingpong_1,cpu_us_per_op,4.85
2026-09-26T18:01:05,37b400a-dirty,boxed tls + read into roc list,roc,pingpong_64,requests_per_sec,163297
2026-09-26T18:01:05,37b400a-dirty,boxed tls + read into roc list,roc,pingpong_64,p50_us,384
2026-09-26T18:01:05,37b400a-dirty,boxed tls + read into roc list,roc,pingpong_64,p99_us,472
2026-09-26T18:01:05,37b400a-dirty,boxed tls + read into roc list,roc,pingpong_64,errors,0
2026-09-26T18:01:05,37b400a-dirty,boxed tls + read into roc list,roc,pingpong_64,rss_mib,5.3
2026-09-26T18:01:05,37b400a-dirty,boxed tls + read into roc list,roc,pingpong_64,server_survived,True
2026-09-26T18:01:05,37b400a-dirty,boxed tls + read into roc list,roc,pingpong_64,cpu_us_per_op,11.69
2026-09-26T18:01:05,37b400a-dirty,boxed tls + read into roc list,roc,bulk_1,mib_per_sec,1769.7
2026-09-26T18:01:05,37b400a-dirty,boxed tls + read into roc list,roc,bulk_1,errors,0
2026-09-26T18:01:05,37b400a-dirty,boxed tls + read into roc list,roc,bulk_1,rss_mib,3.4
2026-09-26T18:01:05,37b400a-dirty,boxed tls + read into roc list,roc,bulk_1,server_survived,True
2026-09-26T18:01:05,37b400a-dirty,boxed tls + read into roc list,roc,bulk_1,cpu_us_per_op,569.81
2026-09-26T18:01:05,37b400a-dirty,boxed tls + read into roc list,roc,bulk_16,mib_per_sec,1016.1
2026-09-26T18:01:05,37b400a-dirty,boxed tls + read into roc list,roc,bulk_16,errors,0
2026-09-26T18:01:05,37b400a-dirty,boxed tls + read into roc list,roc,bulk_16,rss_mib,4.5
2026-09-26T18:01:05,37b400a-dirty,boxed tls + read into roc list,roc,bulk_16,server_survived,True
2026-09-26T18:01:05,37b400a-dirty,boxed tls + read into roc list,roc,bulk_16,cpu_us_per_op,1004.26
2026-09-26T18:01:05,37b400a-dirty,boxed tls + read into roc list,roc,churn_32,conns_per_sec,37168
2026-09-26T18:01:05,37b400a-dirty,boxed tls + read into roc list,roc,churn_32,errors,0
2026-09-26T18:01:05,37b400a-dirty,boxed tls + read into roc list,roc,churn_32,rss_mib,5.3
2026-09-26T18:01:05,37b400a-dirty,boxed tls + read into roc list,roc,churn_32,server_survived,True
2026-09-26T18:01:05,37b400a-dirty,boxed tls + read into roc list,roc,churn_32,cpu_us_per_op,33.71
2026-09-26T18:01:05,37b400a-dirty,boxed tls + read into roc list,roc,hold_10000,max_open_conns,6143
2026-09-26T18:01:05,37b400a-dirty,boxed tls + read into roc list,roc,hold_10000,hit_limit,True
2026-09-26T18:01:05,37b400a-dirty,boxed tls + read into roc list,roc,hold_10000,rss_mib,35.2
2026-09-26T18:01:05,37b400a-dirty,boxed tls + read into roc list,roc,hold_10000,server_survived,True
2026-09-26T18:08:37,37b400a-dirty,reuse task threads,roc,pingpong_1,requests_per_sec,67028
2026-09-26T18:08:37,37b400a-dirty,reuse task threads,roc,pingpong_1,p50_us,14
2026-09-26T18:08:37,37b400a-dirty,reuse task threads,roc,pingpong_1,p99_us,24
2026-09-26T18:08:37,37b400a-dirty,reuse task threads,roc,pingpong_1,errors,0
2026-09-26T18:08:37,37b400a-dirty,reuse task threads,roc,pingpong_1,rss_mib,3.6
2026-09-26T18:08:37,37b400a-dirty,reuse task threads,roc,pingpong_1,server_survived,True
2026-09-26T18:08:37,37b400a-dirty,reuse task threads,roc,pingpong_1,cpu_us_per_op,4.88
2026-09-26T18:08:37,37b400a-dirty,reuse task threads,roc,pingpong_64,requests_per_sec,163247
2026-09-26T18:08:37,37b400a-dirty,reuse task threads,roc,pingpong_64,p50_us,383
2026-09-26T18:08:37,37b400a-dirty,reuse task threads,roc,pingpong_64,p99_us,480
2026-09-26T18:08:37,37b400a-dirty,reuse task threads,roc,pingpong_64,errors,0
2026-09-26T18:08:37,37b400a-dirty,reuse task threads,roc,pingpong_64,rss_mib,5.9
2026-09-26T18:08:37,37b400a-dirty,reuse task threads,roc,pingpong_64,server_survived,True
2026-09-26T18:08:37,37b400a-dirty,reuse task threads,roc,pingpong_64,cpu_us_per_op,11.58
2026-09-26T18:08:37,37b400a-dirty,reuse task threads,roc,bulk_1,mib_per_sec,1697.6
2026-09-26T18:08:37,37b400a-dirty,reuse task threads,roc,bulk_1,errors,0
2026-09-26T18:08:37,37b400a-dirty,reuse task threads,roc,bulk_1,rss_mib,3.7
2026-09-26T18:08:37,37b400a-dirty,reuse task threads,roc,bulk_1,server_survived,True
2026-09-26T18:08:37,37b400a-dirty,reuse task threads,roc,bulk_1,cpu_us_per_op,593.4
2026-09-26T18:08:37,37b400a-dirty,reuse task threads,roc,bulk_16,mib_per_sec,813.5
2026-09-26T18:08:37,37b400a-dirty,reuse task threads,roc,bulk_16,errors,0
2026-09-26T18:08:37,37b400a-dirty,reuse task threads,roc,bulk_16,rss_mib,6.4
2026-09-26T18:08:37,37b400a-dirty,reuse task threads,roc,bulk_16,server_survived,True
2026-09-26T18:08:37,37b400a-dirty,reuse task threads,roc,bulk_16,cpu_us_per_op,1154.68
2026-09-26T18:08:37,37b400a-dirty,reuse task threads,roc,churn_32,conns_per_sec,38833
2026-09-26T18:08:37,37b400a-dirty,reuse task threads,roc,churn_32,errors,0
2026-09-26T18:08:37,37b400a-dirty,reuse task threads,roc,churn_32,rss_mib,5.0
2026-09-26T18:08:37,37b400a-dirty,reuse task threads,roc,churn_32,server_survived,True
2026-09-26T18:08:37,37b400a-dirty,reuse task threads,roc,churn_32,cpu_us_per_op,21.59
2026-09-26T18:08:37,37b400a-dirty,reuse task threads,roc,hold_10000,max_open_conns,6143
2026-09-26T18:08:37,37b400a-dirty,reuse task threads,roc,hold_10000,hit_limit,True
2026-09-26T18:08:37,37b400a-dirty,reuse task threads,roc,hold_10000,rss_mib,33.3
2026-09-26T18:08:37,37b400a-dirty,reuse task threads,roc,hold_10000,server_survived,True
2026-09-26T18:08:57,37b400a-dirty,reuse task threads,roc,pingpong_1,requests_per_sec,66559
2026-09-26T18:08:57,37b400a-dirty,reuse task threads,roc,pingpong_1,p50_us,14
2026-09-26T18:08:57,37b400a-dirty,reuse task threads,roc,pingpong_1,p99_us,26
2026-09-26T18:08:57,37b400a-dirty,reuse task threads,roc,pingpong_1,errors,0
2026-09-26T18:08:57,37b400a-dirty,reuse task threads,roc,pingpong_1,rss_mib,3.7
2026-09-26T18:08:57,37b400a-dirty,reuse task threads,roc,pingpong_1,server_survived,True
2026-09-26T18:08:57,37b400a-dirty,reuse task threads,roc,pingpong_1,cpu_us_per_op,4.9
2026-09-26T18:08:57,37b400a-dirty,reuse task threads,roc,pingpong_64,requests_per_sec,162198
2026-09-26T18:08:57,37b400a-dirty,reuse task threads,roc,pingpong_64,p50_us,386
2026-09-26T18:08:57,37b400a-dirty,reuse task threads,roc,pingpong_64,p99_us,477
2026-09-26T18:08:57,37b400a-dirty,reuse task threads,roc,pingpong_64,errors,0
2026-09-26T18:08:57,37b400a-dirty,reuse task threads,roc,pingpong_64,rss_mib,6.1
2026-09-26T18:08:57,37b400a-dirty,reuse task threads,roc,pingpong_64,server_survived,True
2026-09-26T18:08:57,37b400a-dirty,reuse task threads,roc,pingpong_64,cpu_us_per_op,11.74
2026-09-26T18:08:57,37b400a-dirty,reuse task threads,roc,bulk_1,mib_per_sec,1710.2
2026-09-26T18:08:57,37b400a-dirty,reuse task threads,roc,bulk_1,errors,0
2026-09-26T18:08:57,37b400a-dirty,reuse task threads,roc,bulk_1,rss_mib,3.4
2026-09-26T18:08:57,37b400a-dirty,reuse task threads,roc,bulk_1,server_survived,True
2026-09-26T18:08:57,37b400a-dirty,reuse task threads,roc,bulk_1,cpu_us_per_op,590.5
2026-09-26T18:08:57,37b400a-dirty,reuse task threads,roc,bulk_16,mib_per_sec,1307.1
2026-09-26T18:08:57,37b400a-dirty,reuse task threads,roc,bulk_16,errors,0
2026-09-26T18:08:57,37b400a-dirty,reuse task threads,roc,bulk_16,rss_mib,6.5
2026-09-26T18:08:57,37b400a-dirty,reuse task threads,roc,bulk_16,server_survived,True
2026-09-26T18:08:57,37b400a-dirty,reuse task threads,roc,bulk_16,cpu_us_per_op,924.99
2026-09-26T18:08:57,37b400a-dirty,reuse task threads,roc,churn_32,conns_per_sec,38095
2026-09-26T18:08:57,37b400a-dirty,reuse task threads,roc,churn_32,errors,0
2026-09-26T18:08:57,37b400a-dirty,reuse task threads,roc,churn_32,rss_mib,5.2
2026-09-26T18:08:57,37b400a-dirty,reuse task threads,roc,churn_32,server_survived,True
2026-09-26T18:08:57,37b400a-dirty,reuse task threads,roc,churn_32,cpu_us_per_op,21.76
2026-09-26T18:08:57,37b400a-dirty,reuse task threads,roc,hold_10000,max_open_conns,6143
2026-09-26T18:08:57,37b400a-dirty,reuse task threads,roc,hold_10000,hit_limit,True
2026-09-26T18:08:57,37b400a-dirty,reuse task threads,roc,hold_10000,rss_mib,33.0
2026-09-26T18:08:57,37b400a-dirty,reuse task threads,roc,hold_10000,server_survived,True
2026-09-26T18:17:07,37b400a-dirty,thread reuse + per-thread read buffer,roc,pingpong_1,requests_per_sec,67347
2026-09-26T18:17:07,37b400a-dirty,thread reuse + per-thread read buffer,roc,pingpong_1,p50_us,14
2026-09-26T18:17:07,37b400a-dirty,thread reuse + per-thread read buffer,roc,pingpong_1,p99_us,26
2026-09-26T18:17:07,37b400a-dirty,thread reuse + per-thread read buffer,roc,pingpong_1,errors,0
2026-09-26T18:17:07,37b400a-dirty,thread reuse + per-thread read buffer,roc,pingpong_1,rss_mib,3.4
2026-09-26T18:17:07,37b400a-dirty,thread reuse + per-thread read buffer,roc,pingpong_1,server_survived,True
2026-09-26T18:17:07,37b400a-dirty,thread reuse + per-thread read buffer,roc,pingpong_1,cpu_us_per_op,4.75
2026-09-26T18:17:07,37b400a-dirty,thread reuse + per-thread read buffer,roc,pingpong_64,requests_per_sec,167734
2026-09-26T18:17:07,37b400a-dirty,thread reuse + per-thread read buffer,roc,pingpong_64,p50_us,372
2026-09-26T18:17:07,37b400a-dirty,thread reuse + per-thread read buffer,roc,pingpong_64,p99_us,474
2026-09-26T18:17:07,37b400a-dirty,thread reuse + per-thread read buffer,roc,pingpong_64,errors,0
2026-09-26T18:17:07,37b400a-dirty,thread reuse + per-thread read buffer,roc,pingpong_64,rss_mib,4.8
2026-09-26T18:17:07,37b400a-dirty,thread reuse + per-thread read buffer,roc,pingpong_64,server_survived,True
2026-09-26T18:17:07,37b400a-dirty,thread reuse + per-thread read buffer,roc,pingpong_64,cpu_us_per_op,11.26
2026-09-26T18:17:07,37b400a-dirty,thread reuse + per-thread read buffer,roc,bulk_1,mib_per_sec,1722.8
2026-09-26T18:17:07,37b400a-dirty,thread reuse + per-thread read buffer,roc,bulk_1,errors,0
2026-09-26T18:17:07,37b400a-dirty,thread reuse + per-thread read buffer,roc,bulk_1,rss_mib,3.5
2026-09-26T18:17:07,37b400a-dirty,thread reuse + per-thread read buffer,roc,bulk_1,server_survived,True
2026-09-26T18:17:07,37b400a-dirty,thread reuse + per-thread read buffer,roc,bulk_1,cpu_us_per_op,586.38
2026-09-26T18:17:07,37b400a-dirty,thread reuse + per-thread read buffer,roc,bulk_16,mib_per_sec,1199.5
2026-09-26T18:17:07,37b400a-dirty,thread reuse + per-thread read buffer,roc,bulk_16,errors,0
2026-09-26T18:17:07,37b400a-dirty,thread reuse + per-thread read buffer,roc,bulk_16,rss_mib,6.6
2026-09-26T18:17:07,37b400a-dirty,thread reuse + per-thread read buffer,roc,bulk_16,server_survived,True
2026-09-26T18:17:07,37b400a-dirty,thread reuse + per-thread read buffer,roc,bulk_16,cpu_us_per_op,965.23
2026-09-26T18:17:07,37b400a-dirty,thread reuse + per-thread read buffer,roc,churn_32,conns_per_sec,37945
2026-09-26T18:17:07,37b400a-dirty,thread reuse + per-thread read buffer,roc,churn_32,errors,0
2026-09-26T18:17:07,37b400a-dirty,thread reuse + per-thread read buffer,roc,churn_32,rss_mib,4.5
2026-09-26T18:17:07,37b400a-dirty,thread reuse + per-thread read buffer,roc,churn_32,server_survived,True
2026-09-26T18:17:07,37b400a-dirty,thread reuse + per-thread read buffer,roc,churn_32,cpu_us_per_op,21.37
2026-09-26T18:17:07,37b400a-dirty,thread reuse + per-thread read buffer,roc,hold_10000,max_open_conns,6143
2026-09-26T18:17:07,37b400a-dirty,thread reuse + per-thread read buffer,roc,hold_10000,hit_limit,True
2026-09-26T18:17:07,37b400a-dirty,thread reuse + per-thread read buffer,roc,hold_10000,rss_mib,33.4
2026-09-26T18:17:07,37b400a-dirty,thread reuse + per-thread read buffer,roc,hold_10000,server_survived,True
2026-09-26T18:17:26,37b400a-dirty,thread reuse + per-thread read buffer,roc,pingpong_1,requests_per_sec,67679
2026-09-26T18:17:26,37b400a-dirty,thread reuse + per-thread read buffer,roc,pingpong_1,p50_us,14
2026-09-26T18:17:26,37b400a-dirty,thread reuse + per-thread read buffer,roc,pingpong_1,p99_us,24
2026-09-26T18:17:26,37b400a-dirty,thread reuse + per-thread read buffer,roc,pingpong_1,errors,0
2026-09-26T18:17:26,37b400a-dirty,thread reuse + per-thread read buffer,roc,pingpong_1,rss_mib,3.3
2026-09-26T18:17:26,37b400a-dirty,thread reuse + per-thread read buffer,roc,pingpong_1,server_survived,True
2026-09-26T18:17:26,37b400a-dirty,thread reuse + per-thread read buffer,roc,pingpong_1,cpu_us_per_op,4.72
2026-09-26T18:17:26,37b400a-dirty,thread reuse + per-thread read buffer,roc,pingpong_64,requests_per_sec,166342
2026-09-26T18:17:26,37b400a-dirty,thread reuse + per-thread read buffer,roc,pingpong_64,p50_us,375
2026-09-26T18:17:26,37b400a-dirty,thread reuse + per-thread read buffer,roc,pingpong_64,p99_us,479
2026-09-26T18:17:26,37b400a-dirty,thread reuse + per-thread read buffer,roc,pingpong_64,errors,0
2026-09-26T18:17:26,37b400a-dirty,thread reuse + per-thread read buffer,roc,pingpong_64,rss_mib,4.8
2026-09-26T18:17:26,37b400a-dirty,thread reuse + per-thread read buffer,roc,pingpong_64,server_survived,True
2026-09-26T18:17:26,37b400a-dirty,thread reuse + per-thread read buffer,roc,pingpong_64,cpu_us_per_op,11.3
2026-09-26T18:17:26,37b400a-dirty,thread reuse + per-thread read buffer,roc,bulk_1,mib_per_sec,1782.0
2026-09-26T18:17:26,37b400a-dirty,thread reuse + per-thread read buffer,roc,bulk_1,errors,0
2026-09-26T18:17:26,37b400a-dirty,thread reuse + per-thread read buffer,roc,bulk_1,rss_mib,3.5
2026-09-26T18:17:26,37b400a-dirty,thread reuse + per-thread read buffer,roc,bulk_1,server_survived,True
2026-09-26T18:17:26,37b400a-dirty,thread reuse + per-thread read buffer,roc,bulk_1,cpu_us_per_op,564.29
2026-09-26T18:17:26,37b400a-dirty,thread reuse + per-thread read buffer,roc,bulk_16,mib_per_sec,996.7
2026-09-26T18:17:26,37b400a-dirty,thread reuse + per-thread read buffer,roc,bulk_16,errors,0
2026-09-26T18:17:26,37b400a-dirty,thread reuse + per-thread read buffer,roc,bulk_16,rss_mib,6.0
2026-09-26T18:17:26,37b400a-dirty,thread reuse + per-thread read buffer,roc,bulk_16,server_survived,True
2026-09-26T18:17:26,37b400a-dirty,thread reuse + per-thread read buffer,roc,bulk_16,cpu_us_per_op,1115.44
2026-09-26T18:17:26,37b400a-dirty,thread reuse + per-thread read buffer,roc,churn_32,conns_per_sec,40035
2026-09-26T18:17:26,37b400a-dirty,thread reuse + per-thread read buffer,roc,churn_32,errors,0
2026-09-26T18:17:26,37b400a-dirty,thread reuse + per-thread read buffer,roc,churn_32,rss_mib,4.7
2026-09-26T18:17:26,37b400a-dirty,thread reuse + per-thread read buffer,roc,churn_32,server_survived,True
2026-09-26T18:17:26,37b400a-dirty,thread reuse + per-thread read buffer,roc,churn_32,cpu_us_per_op,21.58
2026-09-26T18:17:26,37b400a-dirty,thread reuse + per-thread read buffer,roc,hold_10000,max_open_conns,6143
2026-09-26T18:17:26,37b400a-dirty,thread reuse + per-thread read buffer,roc,hold_10000,hit_limit,True
2026-09-26T18:17:26,37b400a-dirty,thread reuse + per-thread read buffer,roc,hold_10000,rss_mib,33.5
2026-09-26T18:17:26,37b400a-dirty,thread reuse + per-thread read buffer,roc,hold_10000,server_survived,True
2026-09-26T18:31:42,37b400a-dirty,read_into! (buffer reuse),roc,pingpong_1,requests_per_sec,68632
2026-09-26T18:31:42,37b400a-dirty,read_into! (buffer reuse),roc,pingpong_1,p50_us,14
2026-09-26T18:31:42,37b400a-dirty,read_into! (buffer reuse),roc,pingpong_1,p99_us,21
2026-09-26T18:31:42,37b400a-dirty,read_into! (buffer reuse),roc,pingpong_1,errors,0
2026-09-26T18:31:42,37b400a-dirty,read_into! (buffer reuse),roc,pingpong_1,rss_mib,3.1
2026-09-26T18:31:42,37b400a-dirty,read_into! (buffer reuse),roc,pingpong_1,server_survived,True
2026-09-26T18:31:42,37b400a-dirty,read_into! (buffer reuse),roc,pingpong_1,cpu_us_per_op,4.57
2026-09-26T18:31:42,37b400a-dirty,read_into! (buffer reuse),roc,pingpong_64,requests_per_sec,164043
2026-09-26T18:31:42,37b400a-dirty,read_into! (buffer reuse),roc,pingpong_64,p50_us,380
2026-09-26T18:31:42,37b400a-dirty,read_into! (buffer reuse),roc,pingpong_64,p99_us,477
2026-09-26T18:31:42,37b400a-dirty,read_into! (buffer reuse),roc,pingpong_64,errors,0
2026-09-26T18:31:42,37b400a-dirty,read_into! (buffer reuse),roc,pingpong_64,rss_mib,5.4
2026-09-26T18:31:42,37b400a-dirty,read_into! (buffer reuse),roc,pingpong_64,server_survived,True
2026-09-26T18:31:42,37b400a-dirty,read_into! (buffer reuse),roc,pingpong_64,cpu_us_per_op,11.21
2026-09-26T18:31:42,37b400a-dirty,read_into! (buffer reuse),roc,bulk_1,mib_per_sec,2072.2
2026-09-26T18:31:42,37b400a-dirty,read_into! (buffer reuse),roc,bulk_1,errors,0
2026-09-26T18:31:42,37b400a-dirty,read_into! (buffer reuse),roc,bulk_1,rss_mib,3.2
2026-09-26T18:31:42,37b400a-dirty,read_into! (buffer reuse),roc,bulk_1,server_survived,True
2026-09-26T18:31:42,37b400a-dirty,read_into! (buffer reuse),roc,bulk_1,cpu_us_per_op,484.72
2026-09-26T18:31:42,37b400a-dirty,read_into! (buffer reuse),roc,bulk_16,mib_per_sec,1068.2
2026-09-26T18:31:42,37b400a-dirty,read_into! (buffer reuse),roc,bulk_16,errors,0
2026-09-26T18:31:42,37b400a-dirty,read_into! (buffer reuse),roc,bulk_16,rss_mib,4.2
2026-09-26T18:31:42,37b400a-dirty,read_into! (buffer reuse),roc,bulk_16,server_survived,True
2026-09-26T18:31:42,37b400a-dirty,read_into! (buffer reuse),roc,bulk_16,cpu_us_per_op,1074.71
2026-09-26T18:31:42,37b400a-dirty,read_into! (buffer reuse),roc,churn_32,conns_per_sec,39999
2026-09-26T18:31:42,37b400a-dirty,read_into! (buffer reuse),roc,churn_32,errors,0
2026-09-26T18:31:42,37b400a-dirty,read_into! (buffer reuse),roc,churn_32,rss_mib,5.2
2026-09-26T18:31:42,37b400a-dirty,read_into! (buffer reuse),roc,churn_32,server_survived,True
2026-09-26T18:31:42,37b400a-dirty,read_into! (buffer reuse),roc,churn_32,cpu_us_per_op,21.12
2026-09-26T18:31:42,37b400a-dirty,read_into! (buffer reuse),roc,hold_10000,max_open_conns,6143
2026-09-26T18:31:42,37b400a-dirty,read_into! (buffer reuse),roc,hold_10000,hit_limit,True
2026-09-26T18:31:42,37b400a-dirty,read_into! (buffer reuse),roc,hold_10000,rss_mib,44.3
2026-09-26T18:31:42,37b400a-dirty,read_into! (buffer reuse),roc,hold_10000,server_survived,True
2026-09-26T18:32:01,37b400a-dirty,read_into! (buffer reuse),roc,pingpong_1,requests_per_sec,69228
2026-09-26T18:32:01,37b400a-dirty,read_into! (buffer reuse),roc,pingpong_1,p50_us,14
2026-09-26T18:32:01,37b400a-dirty,read_into! (buffer reuse),roc,pingpong_1,p99_us,19
2026-09-26T18:32:01,37b400a-dirty,read_into! (buffer reuse),roc,pingpong_1,errors,0
2026-09-26T18:32:01,37b400a-dirty,read_into! (buffer reuse),roc,pingpong_1,rss_mib,3.2
2026-09-26T18:32:01,37b400a-dirty,read_into! (buffer reuse),roc,pingpong_1,server_survived,True
2026-09-26T18:32:01,37b400a-dirty,read_into! (buffer reuse),roc,pingpong_1,cpu_us_per_op,4.53
2026-09-26T18:32:01,37b400a-dirty,read_into! (buffer reuse),roc,pingpong_64,requests_per_sec,166195
2026-09-26T18:32:01,37b400a-dirty,read_into! (buffer reuse),roc,pingpong_64,p50_us,380
2026-09-26T18:32:01,37b400a-dirty,read_into! (buffer reuse),roc,pingpong_64,p99_us,467
2026-09-26T18:32:01,37b400a-dirty,read_into! (buffer reuse),roc,pingpong_64,errors,0
2026-09-26T18:32:01,37b400a-dirty,read_into! (buffer reuse),roc,pingpong_64,rss_mib,5.4
2026-09-26T18:32:01,37b400a-dirty,read_into! (buffer reuse),roc,pingpong_64,server_survived,True
2026-09-26T18:32:01,37b400a-dirty,read_into! (buffer reuse),roc,pingpong_64,cpu_us_per_op,11.34
2026-09-26T18:32:01,37b400a-dirty,read_into! (buffer reuse),roc,bulk_1,mib_per_sec,1898.5
2026-09-26T18:32:01,37b400a-dirty,read_into! (buffer reuse),roc,bulk_1,errors,0
2026-09-26T18:32:01,37b400a-dirty,read_into! (buffer reuse),roc,bulk_1,rss_mib,3.2
2026-09-26T18:32:01,37b400a-dirty,read_into! (buffer reuse),roc,bulk_1,server_survived,True
2026-09-26T18:32:01,37b400a-dirty,read_into! (buffer reuse),roc,bulk_1,cpu_us_per_op,526.65
2026-09-26T18:32:01,37b400a-dirty,read_into! (buffer reuse),roc,bulk_16,mib_per_sec,1308.5
2026-09-26T18:32:01,37b400a-dirty,read_into! (buffer reuse),roc,bulk_16,errors,0
2026-09-26T18:32:01,37b400a-dirty,read_into! (buffer reuse),roc,bulk_16,rss_mib,4.3
2026-09-26T18:32:01,37b400a-dirty,read_into! (buffer reuse),roc,bulk_16,server_survived,True
2026-09-26T18:32:01,37b400a-dirty,read_into! (buffer reuse),roc,bulk_16,cpu_us_per_op,880.86
2026-09-26T18:32:01,37b400a-dirty,read_into! (buffer reuse),roc,churn_32,conns_per_sec,41143
2026-09-26T18:32:01,37b400a-dirty,read_into! (buffer reuse),roc,churn_32,errors,0
2026-09-26T18:32:01,37b400a-dirty,read_into! (buffer reuse),roc,churn_32,rss_mib,5.2
2026-09-26T18:32:01,37b400a-dirty,read_into! (buffer reuse),roc,churn_32,server_survived,True
2026-09-26T18:32:01,37b400a-dirty,read_into! (buffer reuse),roc,churn_32,cpu_us_per_op,21.17
2026-09-26T18:32:01,37b400a-dirty,read_into! (buffer reuse),roc,hold_10000,max_open_conns,6143
2026-09-26T18:32:01,37b400a-dirty,read_into! (buffer reuse),roc,hold_10000,hit_limit,True
2026-09-26T18:32:01,37b400a-dirty,read_into! (buffer reuse),roc,hold_10000,rss_mib,44.2
2026-09-26T18:32:01,37b400a-dirty,read_into! (buffer reuse),roc,hold_10000,server_survived,True
2026-09-26T18:58:24,3188ca7-dirty,coroutines,roc,pingpong_1,requests_per_sec,67162
2026-09-26T18:58:24,3188ca7-dirty,coroutines,roc,pingpong_1,p50_us,14
2026-09-26T18:58:24,3188ca7-dirty,coroutines,roc,pingpong_1,p99_us,22
2026-09-26T18:58:24,3188ca7-dirty,coroutines,roc,pingpong_1,errors,0
2026-09-26T18:58:24,3188ca7-dirty,coroutines,roc,pingpong_1,rss_mib,4.0
2026-09-26T18:58:24,3188ca7-dirty,coroutines,roc,pingpong_1,server_survived,True
2026-09-26T18:58:24,3188ca7-dirty,coroutines,roc,pingpong_1,cpu_us_per_op,5.16
2026-09-26T18:58:24,3188ca7-dirty,coroutines,roc,pingpong_64,requests_per_sec,155877
2026-09-26T18:58:24,3188ca7-dirty,coroutines,roc,pingpong_64,p50_us,403
2026-09-26T18:58:24,3188ca7-dirty,coroutines,roc,pingpong_64,p99_us,504
2026-09-26T18:58:24,3188ca7-dirty,coroutines,roc,pingpong_64,errors,0
2026-09-26T18:58:24,3188ca7-dirty,coroutines,roc,pingpong_64,rss_mib,6.3
2026-09-26T18:58:24,3188ca7-dirty,coroutines,roc,pingpong_64,server_survived,True
2026-09-26T18:58:24,3188ca7-dirty,coroutines,roc,pingpong_64,cpu_us_per_op,13.7
2026-09-26T18:58:24,3188ca7-dirty,coroutines,roc,bulk_1,mib_per_sec,1928.2
2026-09-26T18:58:24,3188ca7-dirty,coroutines,roc,bulk_1,errors,0
2026-09-26T18:58:24,3188ca7-dirty,coroutines,roc,bulk_1,rss_mib,3.7
2026-09-26T18:58:24,3188ca7-dirty,coroutines,roc,bulk_1,server_survived,True
2026-09-26T18:58:24,3188ca7-dirty,coroutines,roc,bulk_1,cpu_us_per_op,522.7
2026-09-26T18:58:24,3188ca7-dirty,coroutines,roc,bulk_16,mib_per_sec,1029.2
2026-09-26T18:58:24,3188ca7-dirty,coroutines,roc,bulk_16,errors,0
2026-09-26T18:58:24,3188ca7-dirty,coroutines,roc,bulk_16,rss_mib,5.4
2026-09-26T18:58:24,3188ca7-dirty,coroutines,roc,bulk_16,server_survived,True
2026-09-26T18:58:24,3188ca7-dirty,coroutines,roc,bulk_16,cpu_us_per_op,1145.24
2026-09-26T18:58:24,3188ca7-dirty,coroutines,roc,churn_32,conns_per_sec,37953
2026-09-26T18:58:24,3188ca7-dirty,coroutines,roc,churn_32,errors,0
2026-09-26T18:58:24,3188ca7-dirty,coroutines,roc,churn_32,rss_mib,6.5
2026-09-26T18:58:24,3188ca7-dirty,coroutines,roc,churn_32,server_survived,True
2026-09-26T18:58:24,3188ca7-dirty,coroutines,roc,churn_32,cpu_us_per_op,32.4
2026-09-26T18:58:24,3188ca7-dirty,coroutines,roc,hold_10000,max_open_conns,10000
2026-09-26T18:58:24,3188ca7-dirty,coroutines,roc,hold_10000,hit_limit,False
2026-09-26T18:58:24,3188ca7-dirty,coroutines,roc,hold_10000,rss_mib,45.9
2026-09-26T18:58:24,3188ca7-dirty,coroutines,roc,hold_10000,server_survived,True
2026-09-26T18:58:24,3188ca7-dirty,coroutines,threads,pingpong_1,requests_per_sec,69178
2026-09-26T18:58:24,3188ca7-dirty,coroutines,threads,pingpong_1,p50_us,14
2026-09-26T18:58:24,3188ca7-dirty,coroutines,threads,pingpong_1,p99_us,21
2026-09-26T18:58:24,3188ca7-dirty,coroutines,threads,pingpong_1,errors,0
2026-09-26T18:58:24,3188ca7-dirty,coroutines,threads,pingpong_1,rss_mib,1.6
2026-09-26T18:58:24,3188ca7-dirty,coroutines,threads,pingpong_1,server_survived,True
2026-09-26T18:58:24,3188ca7-dirty,coroutines,threads,pingpong_1,cpu_us_per_op,4.39
2026-09-26T18:58:24,3188ca7-dirty,coroutines,threads,pingpong_64,requests_per_sec,168443
2026-09-26T18:58:24,3188ca7-dirty,coroutines,threads,pingpong_64,p50_us,375
2026-09-26T18:58:24,3188ca7-dirty,coroutines,threads,pingpong_64,p99_us,459
2026-09-26T18:58:24,3188ca7-dirty,coroutines,threads,pingpong_64,errors,0
2026-09-26T18:58:24,3188ca7-dirty,coroutines,threads,pingpong_64,rss_mib,1.8
2026-09-26T18:58:24,3188ca7-dirty,coroutines,threads,pingpong_64,server_survived,True
2026-09-26T18:58:24,3188ca7-dirty,coroutines,threads,pingpong_64,cpu_us_per_op,11.15
2026-09-26T18:58:24,3188ca7-dirty,coroutines,threads,bulk_1,mib_per_sec,2080.2
2026-09-26T18:58:24,3188ca7-dirty,coroutines,threads,bulk_1,errors,0
2026-09-26T18:58:24,3188ca7-dirty,coroutines,threads,bulk_1,rss_mib,1.6
2026-09-26T18:58:24,3188ca7-dirty,coroutines,threads,bulk_1,server_survived,True
2026-09-26T18:58:24,3188ca7-dirty,coroutines,threads,bulk_1,cpu_us_per_op,484.17
2026-09-26T18:58:24,3188ca7-dirty,coroutines,threads,bulk_16,mib_per_sec,1219.8
2026-09-26T18:58:24,3188ca7-dirty,coroutines,threads,bulk_16,errors,0
2026-09-26T18:58:24,3188ca7-dirty,coroutines,threads,bulk_16,rss_mib,1.6
2026-09-26T18:58:24,3188ca7-dirty,coroutines,threads,bulk_16,server_survived,True
2026-09-26T18:58:24,3188ca7-dirty,coroutines,threads,bulk_16,cpu_us_per_op,839.47
2026-09-26T18:58:24,3188ca7-dirty,coroutines,threads,churn_32,conns_per_sec,38546
2026-09-26T18:58:24,3188ca7-dirty,coroutines,threads,churn_32,errors,0
2026-09-26T18:58:24,3188ca7-dirty,coroutines,threads,churn_32,rss_mib,1.9
2026-09-26T18:58:24,3188ca7-dirty,coroutines,threads,churn_32,server_survived,True
2026-09-26T18:58:24,3188ca7-dirty,coroutines,threads,churn_32,cpu_us_per_op,35.3
2026-09-26T18:58:24,3188ca7-dirty,coroutines,threads,hold_10000,max_open_conns,6143
2026-09-26T18:58:24,3188ca7-dirty,coroutines,threads,hold_10000,hit_limit,True
2026-09-26T18:58:24,3188ca7-dirty,coroutines,threads,hold_10000,rss_mib,16.3
2026-09-26T18:58:24,3188ca7-dirty,coroutines,threads,hold_10000,server_survived,True
2026-09-26T18:58:24,3188ca7-dirty,coroutines,tokio,pingpong_1,requests_per_sec,65436
2026-09-26T18:58:24,3188ca7-dirty,coroutines,tokio,pingpong_1,p50_us,14
2026-09-26T18:58:24,3188ca7-dirty,coroutines,tokio,pingpong_1,p99_us,26
2026-09-26T18:58:24,3188ca7-dirty,coroutines,tokio,pingpong_1,errors,0
2026-09-26T18:58:24,3188ca7-dirty,coroutines,tokio,pingpong_1,rss_mib,2.1
2026-09-26T18:58:24,3188ca7-dirty,coroutines,tokio,pingpong_1,server_survived,True
2026-09-26T18:58:24,3188ca7-dirty,coroutines,tokio,pingpong_1,cpu_us_per_op,5.17
2026-09-26T18:58:24,3188ca7-dirty,coroutines,tokio,pingpong_64,requests_per_sec,164801
2026-09-26T18:58:24,3188ca7-dirty,coroutines,tokio,pingpong_64,p50_us,383
2026-09-26T18:58:24,3188ca7-dirty,coroutines,tokio,pingpong_64,p99_us,484
2026-09-26T18:58:24,3188ca7-dirty,coroutines,tokio,pingpong_64,errors,0
2026-09-26T18:58:24,3188ca7-dirty,coroutines,tokio,pingpong_64,rss_mib,2.6
2026-09-26T18:58:24,3188ca7-dirty,coroutines,tokio,pingpong_64,server_survived,True
2026-09-26T18:58:24,3188ca7-dirty,coroutines,tokio,pingpong_64,cpu_us_per_op,17.33
2026-09-26T18:58:24,3188ca7-dirty,coroutines,tokio,bulk_1,mib_per_sec,1236.2
2026-09-26T18:58:24,3188ca7-dirty,coroutines,tokio,bulk_1,errors,0
2026-09-26T18:58:24,3188ca7-dirty,coroutines,tokio,bulk_1,rss_mib,2.1
2026-09-26T18:58:24,3188ca7-dirty,coroutines,tokio,bulk_1,server_survived,True
2026-09-26T18:58:24,3188ca7-dirty,coroutines,tokio,bulk_1,cpu_us_per_op,1161.63
2026-09-26T18:58:24,3188ca7-dirty,coroutines,tokio,bulk_16,mib_per_sec,1044.6
2026-09-26T18:58:24,3188ca7-dirty,coroutines,tokio,bulk_16,errors,0
2026-09-26T18:58:24,3188ca7-dirty,coroutines,tokio,bulk_16,rss_mib,2.3
2026-09-26T18:58:24,3188ca7-dirty,coroutines,tokio,bulk_16,server_survived,True
2026-09-26T18:58:24,3188ca7-dirty,coroutines,tokio,bulk_16,cpu_us_per_op,1243.22
2026-09-26T18:58:24,3188ca7-dirty,coroutines,tokio,churn_32,conns_per_sec,39924
2026-09-26T18:58:24,3188ca7-dirty,coroutines,tokio,churn_32,errors,0
2026-09-26T18:58:24,3188ca7-dirty,coroutines,tokio,churn_32,rss_mib,2.5
2026-09-26T18:58:24,3188ca7-dirty,coroutines,tokio,churn_32,server_survived,True
2026-09-26T18:58:24,3188ca7-dirty,coroutines,tokio,churn_32,cpu_us_per_op,25.74
2026-09-26T18:58:24,3188ca7-dirty,coroutines,tokio,hold_10000,max_open_conns,10000
2026-09-26T18:58:24,3188ca7-dirty,coroutines,tokio,hold_10000,hit_limit,False
2026-09-26T18:58:24,3188ca7-dirty,coroutines,tokio,hold_10000,rss_mib,55.7
2026-09-26T18:58:24,3188ca7-dirty,coroutines,tokio,hold_10000,server_survived,True
2026-09-26T19:45:03,3188ca7-dirty,coroutines: local-first placement,roc,pingpong_1,requests_per_sec,66574
2026-09-26T19:45:03,3188ca7-dirty,coroutines: local-first placement,roc,pingpong_1,p50_us,14
2026-09-26T19:45:03,3188ca7-dirty,coroutines: local-first placement,roc,pingpong_1,p99_us,21
2026-09-26T19:45:03,3188ca7-dirty,coroutines: local-first placement,roc,pingpong_1,errors,0
2026-09-26T19:45:03,3188ca7-dirty,coroutines: local-first placement,roc,pingpong_1,rss_mib,3.6
2026-09-26T19:45:03,3188ca7-dirty,coroutines: local-first placement,roc,pingpong_1,server_survived,True
2026-09-26T19:45:03,3188ca7-dirty,coroutines: local-first placement,roc,pingpong_1,cpu_us_per_op,5.17
2026-09-26T19:45:03,3188ca7-dirty,coroutines: local-first placement,roc,pingpong_64,requests_per_sec,178125
2026-09-26T19:45:03,3188ca7-dirty,coroutines: local-first placement,roc,pingpong_64,p50_us,356
2026-09-26T19:45:03,3188ca7-dirty,coroutines: local-first placement,roc,pingpong_64,p99_us,442
2026-09-26T19:45:03,3188ca7-dirty,coroutines: local-first placement,roc,pingpong_64,errors,0
2026-09-26T19:45:03,3188ca7-dirty,coroutines: local-first placement,roc,pingpong_64,rss_mib,5.9
2026-09-26T19:45:03,3188ca7-dirty,coroutines: local-first placement,roc,pingpong_64,server_survived,True
2026-09-26T19:45:03,3188ca7-dirty,coroutines: local-first placement,roc,pingpong_64,cpu_us_per_op,10.39
2026-09-26T19:45:03,3188ca7-dirty,coroutines: local-first placement,roc,bulk_1,mib_per_sec,1870.8
2026-09-26T19:45:03,3188ca7-dirty,coroutines: local-first placement,roc,bulk_1,errors,0
2026-09-26T19:45:03,3188ca7-dirty,coroutines: local-first placement,roc,bulk_1,rss_mib,3.7
2026-09-26T19:45:03,3188ca7-dirty,coroutines: local-first placement,roc,bulk_1,server_survived,True
2026-09-26T19:45:03,3188ca7-dirty,coroutines: local-first placement,roc,bulk_1,cpu_us_per_op,540.42
2026-09-26T19:45:03,3188ca7-dirty,coroutines: local-first placement,roc,bulk_16,mib_per_sec,1471.5
2026-09-26T19:45:03,3188ca7-dirty,coroutines: local-first placement,roc,bulk_16,errors,0
2026-09-26T19:45:03,3188ca7-dirty,coroutines: local-first placement,roc,bulk_16,rss_mib,5.0
2026-09-26T19:45:03,3188ca7-dirty,coroutines: local-first placement,roc,bulk_16,server_survived,True
2026-09-26T19:45:03,3188ca7-dirty,coroutines: local-first placement,roc,bulk_16,cpu_us_per_op,824.57
2026-09-26T19:45:03,3188ca7-dirty,coroutines: local-first placement,roc,churn_32,conns_per_sec,40977
2026-09-26T19:45:03,3188ca7-dirty,coroutines: local-first placement,roc,churn_32,errors,0
2026-09-26T19:45:03,3188ca7-dirty,coroutines: local-first placement,roc,churn_32,rss_mib,7.1
2026-09-26T19:45:03,3188ca7-dirty,coroutines: local-first placement,roc,churn_32,server_survived,True
2026-09-26T19:45:03,3188ca7-dirty,coroutines: local-first placement,roc,churn_32,cpu_us_per_op,15.13
2026-09-26T19:45:03,3188ca7-dirty,coroutines: local-first placement,roc,hold_10000,max_open_conns,10000
2026-09-26T19:45:03,3188ca7-dirty,coroutines: local-first placement,roc,hold_10000,hit_limit,False
2026-09-26T19:45:03,3188ca7-dirty,coroutines: local-first placement,roc,hold_10000,rss_mib,62.4
2026-09-26T19:45:03,3188ca7-dirty,coroutines: local-first placement,roc,hold_10000,server_survived,True
2026-09-26T19:45:03,3188ca7-dirty,coroutines: local-first placement,threads,pingpong_1,requests_per_sec,70149
2026-09-26T19:45:03,3188ca7-dirty,coroutines: local-first placement,threads,pingpong_1,p50_us,14
2026-09-26T19:45:03,3188ca7-dirty,coroutines: local-first placement,threads,pingpong_1,p99_us,20
2026-09-26T19:45:03,3188ca7-dirty,coroutines: local-first placement,threads,pingpong_1,errors,0
2026-09-26T19:45:03,3188ca7-dirty,coroutines: local-first placement,threads,pingpong_1,rss_mib,1.6
2026-09-26T19:45:03,3188ca7-dirty,coroutines: local-first placement,threads,pingpong_1,server_survived,True
2026-09-26T19:45:03,3188ca7-dirty,coroutines: local-first placement,threads,pingpong_1,cpu_us_per_op,4.38
2026-09-26T19:45:03,3188ca7-dirty,coroutines: local-first placement,threads,pingpong_64,requests_per_sec,168196
2026-09-26T19:45:03,3188ca7-dirty,coroutines: local-first placement,threads,pingpong_64,p50_us,374
2026-09-26T19:45:03,3188ca7-dirty,coroutines: local-first placement,threads,pingpong_64,p99_us,460
2026-09-26T19:45:03,3188ca7-dirty,coroutines: local-first placement,threads,pingpong_64,errors,0
2026-09-26T19:45:03,3188ca7-dirty,coroutines: local-first placement,threads,pingpong_64,rss_mib,1.8
2026-09-26T19:45:03,3188ca7-dirty,coroutines: local-first placement,threads,pingpong_64,server_survived,True
2026-09-26T19:45:03,3188ca7-dirty,coroutines: local-first placement,threads,pingpong_64,cpu_us_per_op,11.21
2026-09-26T19:45:03,3188ca7-dirty,coroutines: local-first placement,threads,bulk_1,mib_per_sec,2085.1
2026-09-26T19:45:03,3188ca7-dirty,coroutines: local-first placement,threads,bulk_1,errors,0
2026-09-26T19:45:03,3188ca7-dirty,coroutines: local-first placement,threads,bulk_1,rss_mib,1.6
2026-09-26T19:45:03,3188ca7-dirty,coroutines: local-first placement,threads,bulk_1,server_survived,True
2026-09-26T19:45:03,3188ca7-dirty,coroutines: local-first placement,threads,bulk_1,cpu_us_per_op,483.66
2026-09-26T19:45:03,3188ca7-dirty,coroutines: local-first placement,threads,bulk_16,mib_per_sec,1135.1
2026-09-26T19:45:03,3188ca7-dirty,coroutines: local-first placement,threads,bulk_16,errors,0
2026-09-26T19:45:03,3188ca7-dirty,coroutines: local-first placement,threads,bulk_16,rss_mib,1.6
2026-09-26T19:45:03,3188ca7-dirty,coroutines: local-first placement,threads,bulk_16,server_survived,True
2026-09-26T19:45:03,3188ca7-dirty,coroutines: local-first placement,threads,bulk_16,cpu_us_per_op,888.53
2026-09-26T19:45:03,3188ca7-dirty,coroutines: local-first placement,threads,churn_32,conns_per_sec,38910
2026-09-26T19:45:03,3188ca7-dirty,coroutines: local-first placement,threads,churn_32,errors,0
2026-09-26T19:45:03,3188ca7-dirty,coroutines: local-first placement,threads,churn_32,rss_mib,1.9
2026-09-26T19:45:03,3188ca7-dirty,coroutines: local-first placement,threads,churn_32,server_survived,True
2026-09-26T19:45:03,3188ca7-dirty,coroutines: local-first placement,threads,churn_32,cpu_us_per_op,35.34
2026-09-26T19:45:03,3188ca7-dirty,coroutines: local-first placement,threads,hold_10000,max_open_conns,6143
2026-09-26T19:45:03,3188ca7-dirty,coroutines: local-first placement,threads,hold_10000,hit_limit,True
2026-09-26T19:45:03,3188ca7-dirty,coroutines: local-first placement,threads,hold_10000,rss_mib,16.3
2026-09-26T19:45:03,3188ca7-dirty,coroutines: local-first placement,threads,hold_10000,server_survived,True
2026-09-26T19:45:03,3188ca7-dirty,coroutines: local-first placement,tokio,pingpong_1,requests_per_sec,65952
2026-09-26T19:45:03,3188ca7-dirty,coroutines: local-first placement,tokio,pingpong_1,p50_us,14
2026-09-26T19:45:03,3188ca7-dirty,coroutines: local-first placement,tokio,pingpong_1,p99_us,22
2026-09-26T19:45:03,3188ca7-dirty,coroutines: local-first placement,tokio,pingpong_1,errors,0
2026-09-26T19:45:03,3188ca7-dirty,coroutines: local-first placement,tokio,pingpong_1,rss_mib,2.1
2026-09-26T19:45:03,3188ca7-dirty,coroutines: local-first placement,tokio,pingpong_1,server_survived,True
2026-09-26T19:45:03,3188ca7-dirty,coroutines: local-first placement,tokio,pingpong_1,cpu_us_per_op,5.05
2026-09-26T19:45:03,3188ca7-dirty,coroutines: local-first placement,tokio,pingpong_64,requests_per_sec,163723
2026-09-26T19:45:03,3188ca7-dirty,coroutines: local-first placement,tokio,pingpong_64,p50_us,386
2026-09-26T19:45:03,3188ca7-dirty,coroutines: local-first placement,tokio,pingpong_64,p99_us,475
2026-09-26T19:45:03,3188ca7-dirty,coroutines: local-first placement,tokio,pingpong_64,errors,0
2026-09-26T19:45:03,3188ca7-dirty,coroutines: local-first placement,tokio,pingpong_64,rss_mib,2.6
2026-09-26T19:45:03,3188ca7-dirty,coroutines: local-first placement,tokio,pingpong_64,server_survived,True
2026-09-26T19:45:03,3188ca7-dirty,coroutines: local-first placement,tokio,pingpong_64,cpu_us_per_op,18.17
2026-09-26T19:45:03,3188ca7-dirty,coroutines: local-first placement,tokio,bulk_1,mib_per_sec,1216.5
2026-09-26T19:45:03,3188ca7-dirty,coroutines: local-first placement,tokio,bulk_1,errors,0
2026-09-26T19:45:03,3188ca7-dirty,coroutines: local-first placement,tokio,bulk_1,rss_mib,2.1
2026-09-26T19:45:03,3188ca7-dirty,coroutines: local-first placement,tokio,bulk_1,server_survived,True
2026-09-26T19:45:03,3188ca7-dirty,coroutines: local-first placement,tokio,bulk_1,cpu_us_per_op,1172.62
2026-09-26T19:45:03,3188ca7-dirty,coroutines: local-first placement,tokio,bulk_16,mib_per_sec,1376.4
2026-09-26T19:45:03,3188ca7-dirty,coroutines: local-first placement,tokio,bulk_16,errors,0
2026-09-26T19:45:03,3188ca7-dirty,coroutines: local-first placement,tokio,bulk_16,rss_mib,2.3
2026-09-26T19:45:03,3188ca7-dirty,coroutines: local-first placement,tokio,bulk_16,server_survived,True
2026-09-26T19:45:03,3188ca7-dirty,coroutines: local-first placement,tokio,bulk_16,cpu_us_per_op,1018.86
2026-09-26T19:45:03,3188ca7-dirty,coroutines: local-first placement,tokio,churn_32,conns_per_sec,40341
2026-09-26T19:45:03,3188ca7-dirty,coroutines: local-first placement,tokio,churn_32,errors,0
2026-09-26T19:45:03,3188ca7-dirty,coroutines: local-first placement,tokio,churn_32,rss_mib,2.5
2026-09-26T19:45:03,3188ca7-dirty,coroutines: local-first placement,tokio,churn_32,server_survived,True
2026-09-26T19:45:03,3188ca7-dirty,coroutines: local-first placement,tokio,churn_32,cpu_us_per_op,26.84
2026-09-26T19:45:03,3188ca7-dirty,coroutines: local-first placement,tokio,hold_10000,max_open_conns,10000
2026-09-26T19:45:03,3188ca7-dirty,coroutines: local-first placement,tokio,hold_10000,hit_limit,False
2026-09-26T19:45:03,3188ca7-dirty,coroutines: local-first placement,tokio,hold_10000,rss_mib,55.7
2026-09-26T19:45:03,3188ca7-dirty,coroutines: local-first placement,tokio,hold_10000,server_survived,True
2026-09-26T22:42:52,08a2f5b-dirty,coroutines: work stealing,roc,pingpong_1,requests_per_sec,65513
2026-09-26T22:42:52,08a2f5b-dirty,coroutines: work stealing,roc,pingpong_1,p50_us,15
2026-09-26T22:42:52,08a2f5b-dirty,coroutines: work stealing,roc,pingpong_1,p99_us,21
2026-09-26T22:42:52,08a2f5b-dirty,coroutines: work stealing,roc,pingpong_1,errors,0
2026-09-26T22:42:52,08a2f5b-dirty,coroutines: work stealing,roc,pingpong_1,rss_mib,3.9
2026-09-26T22:42:52,08a2f5b-dirty,coroutines: work stealing,roc,pingpong_1,server_survived,True
2026-09-26T22:42:52,08a2f5b-dirty,coroutines: work stealing,roc,pingpong_1,cpu_us_per_op,5.42
2026-09-26T22:42:52,08a2f5b-dirty,coroutines: work stealing,roc,pingpong_64,requests_per_sec,161295
2026-09-26T22:42:52,08a2f5b-dirty,coroutines: work stealing,roc,pingpong_64,p50_us,391
2026-09-26T22:42:52,08a2f5b-dirty,coroutines: work stealing,roc,pingpong_64,p99_us,489
2026-09-26T22:42:52,08a2f5b-dirty,coroutines: work stealing,roc,pingpong_64,errors,0
2026-09-26T22:42:52,08a2f5b-dirty,coroutines: work stealing,roc,pingpong_64,rss_mib,7.0
2026-09-26T22:42:52,08a2f5b-dirty,coroutines: work stealing,roc,pingpong_64,server_survived,True
2026-09-26T22:42:52,08a2f5b-dirty,coroutines: work stealing,roc,pingpong_64,cpu_us_per_op,15.04
2026-09-26T22:42:52,08a2f5b-dirty,coroutines: work stealing,roc,bulk_1,mib_per_sec,1929.8
2026-09-26T22:42:52,08a2f5b-dirty,coroutines: work stealing,roc,bulk_1,errors,0
2026-09-26T22:42:52,08a2f5b-dirty,coroutines: work stealing,roc,bulk_1,rss_mib,3.9
2026-09-26T22:42:52,08a2f5b-dirty,coroutines: work stealing,roc,bulk_1,server_survived,True
2026-09-26T22:42:52,08a2f5b-dirty,coroutines: work stealing,roc,bulk_1,cpu_us_per_op,522.83
2026-09-26T22:42:52,08a2f5b-dirty,coroutines: work stealing,roc,bulk_16,mib_per_sec,1793.5
2026-09-26T22:42:52,08a2f5b-dirty,coroutines: work stealing,roc,bulk_16,errors,0
2026-09-26T22:42:52,08a2f5b-dirty,coroutines: work stealing,roc,bulk_16,rss_mib,4.7
2026-09-26T22:42:52,08a2f5b-dirty,coroutines: work stealing,roc,bulk_16,server_survived,True
2026-09-26T22:42:52,08a2f5b-dirty,coroutines: work stealing,roc,bulk_16,cpu_us_per_op,560.14
2026-09-26T22:42:52,08a2f5b-dirty,coroutines: work stealing,roc,churn_32,conns_per_sec,39471
2026-09-26T22:42:52,08a2f5b-dirty,coroutines: work stealing,roc,churn_32,errors,0
2026-09-26T22:42:52,08a2f5b-dirty,coroutines: work stealing,roc,churn_32,rss_mib,8.0
2026-09-26T22:42:52,08a2f5b-dirty,coroutines: work stealing,roc,churn_32,server_survived,True
2026-09-26T22:42:52,08a2f5b-dirty,coroutines: work stealing,roc,churn_32,cpu_us_per_op,23.77
2026-09-26T22:42:52,08a2f5b-dirty,coroutines: work stealing,roc,hold_10000,max_open_conns,10000
2026-09-26T22:42:52,08a2f5b-dirty,coroutines: work stealing,roc,hold_10000,hit_limit,False
2026-09-26T22:42:52,08a2f5b-dirty,coroutines: work stealing,roc,hold_10000,rss_mib,33.7
2026-09-26T22:42:52,08a2f5b-dirty,coroutines: work stealing,roc,hold_10000,server_survived,True
2026-09-26T22:42:52,08a2f5b-dirty,coroutines: work stealing,threads,pingpong_1,requests_per_sec,69776
2026-09-26T22:42:52,08a2f5b-dirty,coroutines: work stealing,threads,pingpong_1,p50_us,14
2026-09-26T22:42:52,08a2f5b-dirty,coroutines: work stealing,threads,pingpong_1,p99_us,20
2026-09-26T22:42:52,08a2f5b-dirty,coroutines: work stealing,threads,pingpong_1,errors,0
2026-09-26T22:42:52,08a2f5b-dirty,coroutines: work stealing,threads,pingpong_1,rss_mib,1.6
2026-09-26T22:42:52,08a2f5b-dirty,coroutines: work stealing,threads,pingpong_1,server_survived,True
2026-09-26T22:42:52,08a2f5b-dirty,coroutines: work stealing,threads,pingpong_1,cpu_us_per_op,4.34
2026-09-26T22:42:52,08a2f5b-dirty,coroutines: work stealing,threads,pingpong_64,requests_per_sec,167304
2026-09-26T22:42:52,08a2f5b-dirty,coroutines: work stealing,threads,pingpong_64,p50_us,375
2026-09-26T22:42:52,08a2f5b-dirty,coroutines: work stealing,threads,pingpong_64,p99_us,467
2026-09-26T22:42:52,08a2f5b-dirty,coroutines: work stealing,threads,pingpong_64,errors,0
2026-09-26T22:42:52,08a2f5b-dirty,coroutines: work stealing,threads,pingpong_64,rss_mib,1.8
2026-09-26T22:42:52,08a2f5b-dirty,coroutines: work stealing,threads,pingpong_64,server_survived,True
2026-09-26T22:42:52,08a2f5b-dirty,coroutines: work stealing,threads,pingpong_64,cpu_us_per_op,11.19
2026-09-26T22:42:52,08a2f5b-dirty,coroutines: work stealing,threads,bulk_1,mib_per_sec,2104.4
2026-09-26T22:42:52,08a2f5b-dirty,coroutines: work stealing,threads,bulk_1,errors,0
2026-09-26T22:42:52,08a2f5b-dirty,coroutines: work stealing,threads,bulk_1,rss_mib,1.6
2026-09-26T22:42:52,08a2f5b-dirty,coroutines: work stealing,threads,bulk_1,server_survived,True
2026-09-26T22:42:52,08a2f5b-dirty,coroutines: work stealing,threads,bulk_1,cpu_us_per_op,480.97
2026-09-26T22:42:52,08a2f5b-dirty,coroutines: work stealing,threads,bulk_16,mib_per_sec,1159.5
2026-09-26T22:42:52,08a2f5b-dirty,coroutines: work stealing,threads,bulk_16,errors,0
2026-09-26T22:42:52,08a2f5b-dirty,coroutines: work stealing,threads,bulk_16,rss_mib,1.6
2026-09-26T22:42:52,08a2f5b-dirty,coroutines: work stealing,threads,bulk_16,server_survived,True
2026-09-26T22:42:52,08a2f5b-dirty,coroutines: work stealing,threads,bulk_16,cpu_us_per_op,871.82
2026-09-26T22:42:52,08a2f5b-dirty,coroutines: work stealing,threads,churn_32,conns_per_sec,36533
2026-09-26T22:42:52,08a2f5b-dirty,coroutines: work stealing,threads,churn_32,errors,0
2026-09-26T22:42:52,08a2f5b-dirty,coroutines: work stealing,threads,churn_32,rss_mib,1.8
2026-09-26T22:42:52,08a2f5b-dirty,coroutines: work stealing,threads,churn_32,server_survived,True
2026-09-26T22:42:52,08a2f5b-dirty,coroutines: work stealing,threads,churn_32,cpu_us_per_op,35.37
2026-09-26T22:42:52,08a2f5b-dirty,coroutines: work stealing,threads,hold_10000,max_open_conns,6143
2026-09-26T22:42:52,08a2f5b-dirty,coroutines: work stealing,threads,hold_10000,hit_limit,True
2026-09-26T22:42:52,08a2f5b-dirty,coroutines: work stealing,threads,hold_10000,rss_mib,16.3
2026-09-26T22:42:52,08a2f5b-dirty,coroutines: work stealing,threads,hold_10000,server_survived,True
2026-09-26T22:42:52,08a2f5b-dirty,coroutines: work stealing,tokio,pingpong_1,requests_per_sec,65820
2026-09-26T22:42:52,08a2f5b-dirty,coroutines: work stealing,tokio,pingpong_1,p50_us,14
2026-09-26T22:42:52,08a2f5b-dirty,coroutines: work stealing,tokio,pingpong_1,p99_us,22
2026-09-26T22:42:52,08a2f5b-dirty,coroutines: work stealing,tokio,pingpong_1,errors,0
2026-09-26T22:42:52,08a2f5b-dirty,coroutines: work stealing,tokio,pingpong_1,rss_mib,2.1
2026-09-26T22:42:52,08a2f5b-dirty,coroutines: work stealing,tokio,pingpong_1,server_survived,True
2026-09-26T22:42:52,08a2f5b-dirty,coroutines: work stealing,tokio,pingpong_1,cpu_us_per_op,5.11
2026-09-26T22:42:52,08a2f5b-dirty,coroutines: work stealing,tokio,pingpong_64,requests_per_sec,164084
2026-09-26T22:42:52,08a2f5b-dirty,coroutines: work stealing,tokio,pingpong_64,p50_us,385
2026-09-26T22:42:52,08a2f5b-dirty,coroutines: work stealing,tokio,pingpong_64,p99_us,472
2026-09-26T22:42:52,08a2f5b-dirty,coroutines: work stealing,tokio,pingpong_64,errors,0
2026-09-26T22:42:52,08a2f5b-dirty,coroutines: work stealing,tokio,pingpong_64,rss_mib,2.6
2026-09-26T22:42:52,08a2f5b-dirty,coroutines: work stealing,tokio,pingpong_64,server_survived,True
2026-09-26T22:42:52,08a2f5b-dirty,coroutines: work stealing,tokio,pingpong_64,cpu_us_per_op,18.08
2026-09-26T22:42:52,08a2f5b-dirty,coroutines: work stealing,tokio,bulk_1,mib_per_sec,1211.0
2026-09-26T22:42:52,08a2f5b-dirty,coroutines: work stealing,tokio,bulk_1,errors,0
2026-09-26T22:42:52,08a2f5b-dirty,coroutines: work stealing,tokio,bulk_1,rss_mib,2.1
2026-09-26T22:42:52,08a2f5b-dirty,coroutines: work stealing,tokio,bulk_1,server_survived,True
2026-09-26T22:42:52,08a2f5b-dirty,coroutines: work stealing,tokio,bulk_1,cpu_us_per_op,1184.76
2026-09-26T22:42:52,08a2f5b-dirty,coroutines: work stealing,tokio,bulk_16,mib_per_sec,1577.8
2026-09-26T22:42:52,08a2f5b-dirty,coroutines: work stealing,tokio,bulk_16,errors,0
2026-09-26T22:42:52,08a2f5b-dirty,coroutines: work stealing,tokio,bulk_16,rss_mib,2.3
2026-09-26T22:42:52,08a2f5b-dirty,coroutines: work stealing,tokio,bulk_16,server_survived,True
2026-09-26T22:42:52,08a2f5b-dirty,coroutines: work stealing,tokio,bulk_16,cpu_us_per_op,1044.51
2026-09-26T22:42:52,08a2f5b-dirty,coroutines: work stealing,tokio,churn_32,conns_per_sec,39430
2026-09-26T22:42:52,08a2f5b-dirty,coroutines: work stealing,tokio,churn_32,errors,0
2026-09-26T22:42:52,08a2f5b-dirty,coroutines: work stealing,tokio,churn_32,rss_mib,2.5
2026-09-26T22:42:52,08a2f5b-dirty,coroutines: work stealing,tokio,churn_32,server_survived,True
2026-09-26T22:42:52,08a2f5b-dirty,coroutines: work stealing,tokio,churn_32,cpu_us_per_op,26.0
2026-09-26T22:42:52,08a2f5b-dirty,coroutines: work stealing,tokio,hold_10000,max_open_conns,10000
2026-09-26T22:42:52,08a2f5b-dirty,coroutines: work stealing,tokio,hold_10000,hit_limit,False
2026-09-26T22:42:52,08a2f5b-dirty,coroutines: work stealing,tokio,hold_10000,rss_mib,55.7
2026-09-26T22:42:52,08a2f5b-dirty,coroutines: work stealing,tokio,hold_10000,server_survived,True
2026-09-26T23:08:02,08a2f5b-dirty,coroutines: work stealing when saturated,roc,pingpong_1,requests_per_sec,65011
2026-09-26T23:08:02,08a2f5b-dirty,coroutines: work stealing when saturated,roc,pingpong_1,p50_us,15
2026-09-26T23:08:02,08a2f5b-dirty,coroutines: work stealing when saturated,roc,pingpong_1,p99_us,21
2026-09-26T23:08:02,08a2f5b-dirty,coroutines: work stealing when saturated,roc,pingpong_1,errors,0
2026-09-26T23:08:02,08a2f5b-dirty,coroutines: work stealing when saturated,roc,pingpong_1,rss_mib,4.1
2026-09-26T23:08:02,08a2f5b-dirty,coroutines: work stealing when saturated,roc,pingpong_1,server_survived,True
2026-09-26T23:08:02,08a2f5b-dirty,coroutines: work stealing when saturated,roc,pingpong_1,cpu_us_per_op,5.57
2026-09-26T23:08:02,08a2f5b-dirty,coroutines: work stealing when saturated,roc,pingpong_64,requests_per_sec,181496
2026-09-26T23:08:02,08a2f5b-dirty,coroutines: work stealing when saturated,roc,pingpong_64,p50_us,347
2026-09-26T23:08:02,08a2f5b-dirty,coroutines: work stealing when saturated,roc,pingpong_64,p99_us,480
2026-09-26T23:08:02,08a2f5b-dirty,coroutines: work stealing when saturated,roc,pingpong_64,errors,0
2026-09-26T23:08:02,08a2f5b-dirty,coroutines: work stealing when saturated,roc,pingpong_64,rss_mib,6.4
2026-09-26T23:08:02,08a2f5b-dirty,coroutines: work stealing when saturated,roc,pingpong_64,server_survived,True
2026-09-26T23:08:02,08a2f5b-dirty,coroutines: work stealing when saturated,roc,pingpong_64,cpu_us_per_op,10.92
2026-09-26T23:08:02,08a2f5b-dirty,coroutines: work stealing when saturated,roc,bulk_1,mib_per_sec,1940.3
2026-09-26T23:08:02,08a2f5b-dirty,coroutines: work stealing when saturated,roc,bulk_1,errors,0
2026-09-26T23:08:02,08a2f5b-dirty,coroutines: work stealing when saturated,roc,bulk_1,rss_mib,3.9
2026-09-26T23:08:02,08a2f5b-dirty,coroutines: work stealing when saturated,roc,bulk_1,server_survived,True
2026-09-26T23:08:02,08a2f5b-dirty,coroutines: work stealing when saturated,roc,bulk_1,cpu_us_per_op,519.32
2026-09-26T23:08:02,08a2f5b-dirty,coroutines: work stealing when saturated,roc,bulk_16,mib_per_sec,1391.6
2026-09-26T23:08:02,08a2f5b-dirty,coroutines: work stealing when saturated,roc,bulk_16,errors,0
2026-09-26T23:08:02,08a2f5b-dirty,coroutines: work stealing when saturated,roc,bulk_16,rss_mib,5.6
2026-09-26T23:08:02,08a2f5b-dirty,coroutines: work stealing when saturated,roc,bulk_16,server_survived,True
2026-09-26T23:08:02,08a2f5b-dirty,coroutines: work stealing when saturated,roc,bulk_16,cpu_us_per_op,881.02
2026-09-26T23:08:02,08a2f5b-dirty,coroutines: work stealing when saturated,roc,churn_32,conns_per_sec,40475
2026-09-26T23:08:02,08a2f5b-dirty,coroutines: work stealing when saturated,roc,churn_32,errors,0
2026-09-26T23:08:02,08a2f5b-dirty,coroutines: work stealing when saturated,roc,churn_32,rss_mib,6.7
2026-09-26T23:08:02,08a2f5b-dirty,coroutines: work stealing when saturated,roc,churn_32,server_survived,True
2026-09-26T23:08:02,08a2f5b-dirty,coroutines: work stealing when saturated,roc,churn_32,cpu_us_per_op,12.28
2026-09-26T23:08:02,08a2f5b-dirty,coroutines: work stealing when saturated,roc,hold_10000,max_open_conns,10000
2026-09-26T23:08:02,08a2f5b-dirty,coroutines: work stealing when saturated,roc,hold_10000,hit_limit,False
2026-09-26T23:08:02,08a2f5b-dirty,coroutines: work stealing when saturated,roc,hold_10000,rss_mib,58.3
2026-09-26T23:08:02,08a2f5b-dirty,coroutines: work stealing when saturated,roc,hold_10000,server_survived,True
2026-09-26T23:08:02,08a2f5b-dirty,coroutines: work stealing when saturated,threads,pingpong_1,requests_per_sec,69324
2026-09-26T23:08:02,08a2f5b-dirty,coroutines: work stealing when saturated,threads,pingpong_1,p50_us,14
2026-09-26T23:08:02,08a2f5b-dirty,coroutines: work stealing when saturated,threads,pingpong_1,p99_us,19
2026-09-26T23:08:02,08a2f5b-dirty,coroutines: work stealing when saturated,threads,pingpong_1,errors,0
2026-09-26T23:08:02,08a2f5b-dirty,coroutines: work stealing when saturated,threads,pingpong_1,rss_mib,1.6
2026-09-26T23:08:02,08a2f5b-dirty,coroutines: work stealing when saturated,threads,pingpong_1,server_survived,True
2026-09-26T23:08:02,08a2f5b-dirty,coroutines: work stealing when saturated,threads,pingpong_1,cpu_us_per_op,4.4
2026-09-26T23:08:02,08a2f5b-dirty,coroutines: work stealing when saturated,threads,pingpong_64,requests_per_sec,168772
2026-09-26T23:08:02,08a2f5b-dirty,coroutines: work stealing when saturated,threads,pingpong_64,p50_us,373
2026-09-26T23:08:02,08a2f5b-dirty,coroutines: work stealing when saturated,threads,pingpong_64,p99_us,458
2026-09-26T23:08:02,08a2f5b-dirty,coroutines: work stealing when saturated,threads,pingpong_64,errors,0
2026-09-26T23:08:02,08a2f5b-dirty,coroutines: work stealing when saturated,threads,pingpong_64,rss_mib,1.8
2026-09-26T23:08:02,08a2f5b-dirty,coroutines: work stealing when saturated,threads,pingpong_64,server_survived,True
2026-09-26T23:08:02,08a2f5b-dirty,coroutines: work stealing when saturated,threads,pingpong_64,cpu_us_per_op,11.25
2026-09-26T23:08:02,08a2f5b-dirty,coroutines: work stealing when saturated,threads,bulk_1,mib_per_sec,2172.5
2026-09-26T23:08:02,08a2f5b-dirty,coroutines: work stealing when saturated,threads,bulk_1,errors,0
2026-09-26T23:08:02,08a2f5b-dirty,coroutines: work stealing when saturated,threads,bulk_1,rss_mib,1.6
2026-09-26T23:08:02,08a2f5b-dirty,coroutines: work stealing when saturated,threads,bulk_1,server_survived,True
2026-09-26T23:08:02,08a2f5b-dirty,coroutines: work stealing when saturated,threads,bulk_1,cpu_us_per_op,463.14
2026-09-26T23:08:02,08a2f5b-dirty,coroutines: work stealing when saturated,threads,bulk_16,mib_per_sec,1149.0
2026-09-26T23:08:02,08a2f5b-dirty,coroutines: work stealing when saturated,threads,bulk_16,errors,0
2026-09-26T23:08:02,08a2f5b-dirty,coroutines: work stealing when saturated,threads,bulk_16,rss_mib,1.6
2026-09-26T23:08:02,08a2f5b-dirty,coroutines: work stealing when saturated,threads,bulk_16,server_survived,True
2026-09-26T23:08:02,08a2f5b-dirty,coroutines: work stealing when saturated,threads,bulk_16,cpu_us_per_op,878.53
2026-09-26T23:08:02,08a2f5b-dirty,coroutines: work stealing when saturated,threads,churn_32,conns_per_sec,38768
2026-09-26T23:08:02,08a2f5b-dirty,coroutines: work stealing when saturated,threads,churn_32,errors,0
2026-09-26T23:08:02,08a2f5b-dirty,coroutines: work stealing when saturated,threads,churn_32,rss_mib,1.9
2026-09-26T23:08:02,08a2f5b-dirty,coroutines: work stealing when saturated,threads,churn_32,server_survived,True
2026-09-26T23:08:02,08a2f5b-dirty,coroutines: work stealing when saturated,threads,churn_32,cpu_us_per_op,35.58
2026-09-26T23:08:02,08a2f5b-dirty,coroutines: work stealing when saturated,threads,hold_10000,max_open_conns,6143
2026-09-26T23:08:02,08a2f5b-dirty,coroutines: work stealing when saturated,threads,hold_10000,hit_limit,True
2026-09-26T23:08:02,08a2f5b-dirty,coroutines: work stealing when saturated,threads,hold_10000,rss_mib,16.4
2026-09-26T23:08:02,08a2f5b-dirty,coroutines: work stealing when saturated,threads,hold_10000,server_survived,True
2026-09-26T23:08:02,08a2f5b-dirty,coroutines: work stealing when saturated,tokio,pingpong_1,requests_per_sec,65844
2026-09-26T23:08:02,08a2f5b-dirty,coroutines: work stealing when saturated,tokio,pingpong_1,p50_us,14
2026-09-26T23:08:02,08a2f5b-dirty,coroutines: work stealing when saturated,tokio,pingpong_1,p99_us,21
2026-09-26T23:08:02,08a2f5b-dirty,coroutines: work stealing when saturated,tokio,pingpong_1,errors,0
2026-09-26T23:08:02,08a2f5b-dirty,coroutines: work stealing when saturated,tokio,pingpong_1,rss_mib,2.1
2026-09-26T23:08:02,08a2f5b-dirty,coroutines: work stealing when saturated,tokio,pingpong_1,server_survived,True
2026-09-26T23:08:02,08a2f5b-dirty,coroutines: work stealing when saturated,tokio,pingpong_1,cpu_us_per_op,5.09
2026-09-26T23:08:02,08a2f5b-dirty,coroutines: work stealing when saturated,tokio,pingpong_64,requests_per_sec,163298
2026-09-26T23:08:02,08a2f5b-dirty,coroutines: work stealing when saturated,tokio,pingpong_64,p50_us,386
2026-09-26T23:08:02,08a2f5b-dirty,coroutines: work stealing when saturated,tokio,pingpong_64,p99_us,471
2026-09-26T23:08:02,08a2f5b-dirty,coroutines: work stealing when saturated,tokio,pingpong_64,errors,0
2026-09-26T23:08:02,08a2f5b-dirty,coroutines: work stealing when saturated,tokio,pingpong_64,rss_mib,2.6
2026-09-26T23:08:02,08a2f5b-dirty,coroutines: work stealing when saturated,tokio,pingpong_64,server_survived,True
2026-09-26T23:08:02,08a2f5b-dirty,coroutines: work stealing when saturated,tokio,pingpong_64,cpu_us_per_op,18.28
2026-09-26T23:08:02,08a2f5b-dirty,coroutines: work stealing when saturated,tokio,bulk_1,mib_per_sec,1196.3
2026-09-26T23:08:02,08a2f5b-dirty,coroutines: work stealing when saturated,tokio,bulk_1,errors,0
2026-09-26T23:08:02,08a2f5b-dirty,coroutines: work stealing when saturated,tokio,bulk_1,rss_mib,2.1
2026-09-26T23:08:02,08a2f5b-dirty,coroutines: work stealing when saturated,tokio,bulk_1,server_survived,True
2026-09-26T23:08:02,08a2f5b-dirty,coroutines: work stealing when saturated,tokio,bulk_1,cpu_us_per_op,1183.4
2026-09-26T23:08:02,08a2f5b-dirty,coroutines: work stealing when saturated,tokio,bulk_16,mib_per_sec,1492.2
2026-09-26T23:08:02,08a2f5b-dirty,coroutines: work stealing when saturated,tokio,bulk_16,errors,0
2026-09-26T23:08:02,08a2f5b-dirty,coroutines: work stealing when saturated,tokio,bulk_16,rss_mib,2.3
2026-09-26T23:08:02,08a2f5b-dirty,coroutines: work stealing when saturated,tokio,bulk_16,server_survived,True
2026-09-26T23:08:02,08a2f5b-dirty,coroutines: work stealing when saturated,tokio,bulk_16,cpu_us_per_op,1099.72
2026-09-26T23:08:02,08a2f5b-dirty,coroutines: work stealing when saturated,tokio,churn_32,conns_per_sec,37763
2026-09-26T23:08:02,08a2f5b-dirty,coroutines: work stealing when saturated,tokio,churn_32,errors,0
2026-09-26T23:08:02,08a2f5b-dirty,coroutines: work stealing when saturated,tokio,churn_32,rss_mib,2.5
2026-09-26T23:08:02,08a2f5b-dirty,coroutines: work stealing when saturated,tokio,churn_32,server_survived,True
2026-09-26T23:08:02,08a2f5b-dirty,coroutines: work stealing when saturated,tokio,churn_32,cpu_us_per_op,26.32
2026-09-26T23:08:02,08a2f5b-dirty,coroutines: work stealing when saturated,tokio,hold_10000,max_open_conns,10000
2026-09-26T23:08:02,08a2f5b-dirty,coroutines: work stealing when saturated,tokio,hold_10000,hit_limit,False
2026-09-26T23:08:02,08a2f5b-dirty,coroutines: work stealing when saturated,tokio,hold_10000,rss_mib,55.7
2026-09-26T23:08:02,08a2f5b-dirty,coroutines: work stealing when saturated,tokio,hold_10000,server_survived,True
2026-09-27T16:36:04,5723846-dirty,"0.2: select, handles, cancellation",roc,pingpong_1,requests_per_sec,64326
2026-09-27T16:36:04,5723846-dirty,"0.2: select, handles, cancellation",roc,pingpong_1,p50_us,15
2026-09-27T16:36:04,5723846-dirty,"0.2: select, handles, cancellation",roc,pingpong_1,p99_us,22
2026-09-27T16:36:04,5723846-dirty,"0.2: select, handles, cancellation",roc,pingpong_1,errors,0
2026-09-27T16:36:04,5723846-dirty,"0.2: select, handles, cancellation",roc,pingpong_1,rss_mib,9.2
2026-09-27T16:36:04,5723846-dirty,"0.2: select, handles, cancellation",roc,pingpong_1,server_survived,True
2026-09-27T16:36:04,5723846-dirty,"0.2: select, handles, cancellation",roc,pingpong_1,cpu_us_per_op,5.56
2026-09-27T16:36:04,5723846-dirty,"0.2: select, handles, cancellation",roc,pingpong_64,requests_per_sec,173608
2026-09-27T16:36:04,5723846-dirty,"0.2: select, handles, cancellation",roc,pingpong_64,p50_us,363
2026-09-27T16:36:04,5723846-dirty,"0.2: select, handles, cancellation",roc,pingpong_64,p99_us,561
2026-09-27T16:36:04,5723846-dirty,"0.2: select, handles, cancellation",roc,pingpong_64,errors,0
2026-09-27T16:36:04,5723846-dirty,"0.2: select, handles, cancellation",roc,pingpong_64,rss_mib,12.0
2026-09-27T16:36:04,5723846-dirty,"0.2: select, handles, cancellation",roc,pingpong_64,server_survived,True
2026-09-27T16:36:04,5723846-dirty,"0.2: select, handles, cancellation",roc,pingpong_64,cpu_us_per_op,12.31
2026-09-27T16:36:04,5723846-dirty,"0.2: select, handles, cancellation",roc,bulk_1,mib_per_sec,2032.6
2026-09-27T16:36:04,5723846-dirty,"0.2: select, handles, cancellation",roc,bulk_1,errors,0
2026-09-27T16:36:04,5723846-dirty,"0.2: select, handles, cancellation",roc,bulk_1,rss_mib,9.0
2026-09-27T16:36:04,5723846-dirty,"0.2: select, handles, cancellation",roc,bulk_1,server_survived,True
2026-09-27T16:36:04,5723846-dirty,"0.2: select, handles, cancellation",roc,bulk_1,cpu_us_per_op,496.22
2026-09-27T16:36:04,5723846-dirty,"0.2: select, handles, cancellation",roc,bulk_16,mib_per_sec,1221.6
2026-09-27T16:36:04,5723846-dirty,"0.2: select, handles, cancellation",roc,bulk_16,errors,0
2026-09-27T16:36:04,5723846-dirty,"0.2: select, handles, cancellation",roc,bulk_16,rss_mib,10.5
2026-09-27T16:36:04,5723846-dirty,"0.2: select, handles, cancellation",roc,bulk_16,server_survived,True
2026-09-27T16:36:04,5723846-dirty,"0.2: select, handles, cancellation",roc,bulk_16,cpu_us_per_op,967.63
2026-09-27T16:36:04,5723846-dirty,"0.2: select, handles, cancellation",roc,churn_32,conns_per_sec,38939
2026-09-27T16:36:04,5723846-dirty,"0.2: select, handles, cancellation",roc,churn_32,errors,0
2026-09-27T16:36:04,5723846-dirty,"0.2: select, handles, cancellation",roc,churn_32,rss_mib,12.1
2026-09-27T16:36:04,5723846-dirty,"0.2: select, handles, cancellation",roc,churn_32,server_survived,True
2026-09-27T16:36:04,5723846-dirty,"0.2: select, handles, cancellation",roc,churn_32,cpu_us_per_op,12.44
2026-09-27T16:36:04,5723846-dirty,"0.2: select, handles, cancellation",roc,hold_10000,max_open_conns,10000
2026-09-27T16:36:04,5723846-dirty,"0.2: select, handles, cancellation",roc,hold_10000,hit_limit,False
2026-09-27T16:36:04,5723846-dirty,"0.2: select, handles, cancellation",roc,hold_10000,rss_mib,56.6
2026-09-27T16:36:04,5723846-dirty,"0.2: select, handles, cancellation",roc,hold_10000,server_survived,True
2026-09-27T16:36:04,5723846-dirty,"0.2: select, handles, cancellation",threads,pingpong_1,requests_per_sec,69173
2026-09-27T16:36:04,5723846-dirty,"0.2: select, handles, cancellation",threads,pingpong_1,p50_us,14
2026-09-27T16:36:04,5723846-dirty,"0.2: select, handles, cancellation",threads,pingpong_1,p99_us,20
2026-09-27T16:36:04,5723846-dirty,"0.2: select, handles, cancellation",threads,pingpong_1,errors,0
2026-09-27T16:36:04,5723846-dirty,"0.2: select, handles, cancellation",threads,pingpong_1,rss_mib,1.6
2026-09-27T16:36:04,5723846-dirty,"0.2: select, handles, cancellation",threads,pingpong_1,server_survived,True
2026-09-27T16:36:04,5723846-dirty,"0.2: select, handles, cancellation",threads,pingpong_1,cpu_us_per_op,4.44
2026-09-27T16:36:04,5723846-dirty,"0.2: select, handles, cancellation",threads,pingpong_64,requests_per_sec,168136
2026-09-27T16:36:04,5723846-dirty,"0.2: select, handles, cancellation",threads,pingpong_64,p50_us,374
2026-09-27T16:36:04,5723846-dirty,"0.2: select, handles, cancellation",threads,pingpong_64,p99_us,460
2026-09-27T16:36:04,5723846-dirty,"0.2: select, handles, cancellation",threads,pingpong_64,errors,0
2026-09-27T16:36:04,5723846-dirty,"0.2: select, handles, cancellation",threads,pingpong_64,rss_mib,1.8
2026-09-27T16:36:04,5723846-dirty,"0.2: select, handles, cancellation",threads,pingpong_64,server_survived,True
2026-09-27T16:36:04,5723846-dirty,"0.2: select, handles, cancellation",threads,pingpong_64,cpu_us_per_op,11.27
2026-09-27T16:36:04,5723846-dirty,"0.2: select, handles, cancellation",threads,bulk_1,mib_per_sec,2201.2
2026-09-27T16:36:04,5723846-dirty,"0.2: select, handles, cancellation",threads,bulk_1,errors,0
2026-09-27T16:36:04,5723846-dirty,"0.2: select, handles, cancellation",threads,bulk_1,rss_mib,1.6
2026-09-27T16:36:04,5723846-dirty,"0.2: select, handles, cancellation",threads,bulk_1,server_survived,True
2026-09-27T16:36:04,5723846-dirty,"0.2: select, handles, cancellation",threads,bulk_1,cpu_us_per_op,458.64
2026-09-27T16:36:04,5723846-dirty,"0.2: select, handles, cancellation",threads,bulk_16,mib_per_sec,1260.1
2026-09-27T16:36:04,5723846-dirty,"0.2: select, handles, cancellation",threads,bulk_16,errors,0
2026-09-27T16:36:04,5723846-dirty,"0.2: select, handles, cancellation",threads,bulk_16,rss_mib,1.6
2026-09-27T16:36:04,5723846-dirty,"0.2: select, handles, cancellation",threads,bulk_16,server_survived,True
2026-09-27T16:36:04,5723846-dirty,"0.2: select, handles, cancellation",threads,bulk_16,cpu_us_per_op,876.34
2026-09-27T16:36:04,5723846-dirty,"0.2: select, handles, cancellation",threads,churn_32,conns_per_sec,36675
2026-09-27T16:36:04,5723846-dirty,"0.2: select, handles, cancellation",threads,churn_32,errors,0
2026-09-27T16:36:04,5723846-dirty,"0.2: select, handles, cancellation",threads,churn_32,rss_mib,1.9
2026-09-27T16:36:04,5723846-dirty,"0.2: select, handles, cancellation",threads,churn_32,server_survived,True
2026-09-27T16:36:04,5723846-dirty,"0.2: select, handles, cancellation",threads,churn_32,cpu_us_per_op,35.54
2026-09-27T16:36:04,5723846-dirty,"0.2: select, handles, cancellation",threads,hold_10000,max_open_conns,6143
2026-09-27T16:36:04,5723846-dirty,"0.2: select, handles, cancellation",threads,hold_10000,hit_limit,True
2026-09-27T16:36:04,5723846-dirty,"0.2: select, handles, cancellation",threads,hold_10000,rss_mib,16.3
2026-09-27T16:36:04,5723846-dirty,"0.2: select, handles, cancellation",threads,hold_10000,server_survived,True
2026-09-27T16:36:04,5723846-dirty,"0.2: select, handles, cancellation",tokio,pingpong_1,requests_per_sec,65776
2026-09-27T16:36:04,5723846-dirty,"0.2: select, handles, cancellation",tokio,pingpong_1,p50_us,14
2026-09-27T16:36:04,5723846-dirty,"0.2: select, handles, cancellation",tokio,pingpong_1,p99_us,24
2026-09-27T16:36:04,5723846-dirty,"0.2: select, handles, cancellation",tokio,pingpong_1,errors,0
2026-09-27T16:36:04,5723846-dirty,"0.2: select, handles, cancellation",tokio,pingpong_1,rss_mib,2.1
2026-09-27T16:36:04,5723846-dirty,"0.2: select, handles, cancellation",tokio,pingpong_1,server_survived,True
2026-09-27T16:36:04,5723846-dirty,"0.2: select, handles, cancellation",tokio,pingpong_1,cpu_us_per_op,5.12
2026-09-27T16:36:04,5723846-dirty,"0.2: select, handles, cancellation",tokio,pingpong_64,requests_per_sec,162592
2026-09-27T16:36:04,5723846-dirty,"0.2: select, handles, cancellation",tokio,pingpong_64,p50_us,388
2026-09-27T16:36:04,5723846-dirty,"0.2: select, handles, cancellation",tokio,pingpong_64,p99_us,477
2026-09-27T16:36:04,5723846-dirty,"0.2: select, handles, cancellation",tokio,pingpong_64,errors,0
2026-09-27T16:36:04,5723846-dirty,"0.2: select, handles, cancellation",tokio,pingpong_64,rss_mib,2.6
2026-09-27T16:36:04,5723846-dirty,"0.2: select, handles, cancellation",tokio,pingpong_64,server_survived,True
2026-09-27T16:36:04,5723846-dirty,"0.2: select, handles, cancellation",tokio,pingpong_64,cpu_us_per_op,18.75
2026-09-27T16:36:04,5723846-dirty,"0.2: select, handles, cancellation",tokio,bulk_1,mib_per_sec,1213.2
2026-09-27T16:36:04,5723846-dirty,"0.2: select, handles, cancellation",tokio,bulk_1,errors,0
2026-09-27T16:36:04,5723846-dirty,"0.2: select, handles, cancellation",tokio,bulk_1,rss_mib,2.1
2026-09-27T16:36:04,5723846-dirty,"0.2: select, handles, cancellation",tokio,bulk_1,server_survived,True
2026-09-27T16:36:04,5723846-dirty,"0.2: select, handles, cancellation",tokio,bulk_1,cpu_us_per_op,1174.54
2026-09-27T16:36:04,5723846-dirty,"0.2: select, handles, cancellation",tokio,bulk_16,mib_per_sec,1191.5
2026-09-27T16:36:04,5723846-dirty,"0.2: select, handles, cancellation",tokio,bulk_16,errors,0
2026-09-27T16:36:04,5723846-dirty,"0.2: select, handles, cancellation",tokio,bulk_16,rss_mib,2.3
2026-09-27T16:36:04,5723846-dirty,"0.2: select, handles, cancellation",tokio,bulk_16,server_survived,True
2026-09-27T16:36:04,5723846-dirty,"0.2: select, handles, cancellation",tokio,bulk_16,cpu_us_per_op,1155.57
2026-09-27T16:36:04,5723846-dirty,"0.2: select, handles, cancellation",tokio,churn_32,conns_per_sec,39423
2026-09-27T16:36:04,5723846-dirty,"0.2: select, handles, cancellation",tokio,churn_32,errors,0
2026-09-27T16:36:04,5723846-dirty,"0.2: select, handles, cancellation",tokio,churn_32,rss_mib,2.5
2026-09-27T16:36:04,5723846-dirty,"0.2: select, handles, cancellation",tokio,churn_32,server_survived,True
2026-09-27T16:36:04,5723846-dirty,"0.2: select, handles, cancellation",tokio,churn_32,cpu_us_per_op,26.06
2026-09-27T16:36:04,5723846-dirty,"0.2: select, handles, cancellation",tokio,hold_10000,max_open_conns,10000
2026-09-27T16:36:04,5723846-dirty,"0.2: select, handles, cancellation",tokio,hold_10000,hit_limit,False
2026-09-27T16:36:04,5723846-dirty,"0.2: select, handles, cancellation",tokio,hold_10000,rss_mib,55.7
2026-09-27T16:36:04,5723846-dirty,"0.2: select, handles, cancellation",tokio,hold_10000,server_survived,True
